id,cep_fmt,cep_sem,logradouro,numero,cidade,uf
1,22640-025,22640025,Av. Brasil,4013,Rio de Janeiro,RJ
2,40020-142,40020142,Av. Principal,8936,Salvador,BA
3,22640-604,22640604,Rua XV,521,Rio de Janeiro,RJ
4,01310-095,01310095,Rua das Flores,3812,Sao Paulo,SP
5,01310-574,01310574,Rua das Flores,8929,Sao Paulo,SP
6,50050-225,50050225,Rua XV,9655,Recife,PE
7,80010-828,80010828,Av. Principal,2616,Curitiba,PR
8,50050-348,50050348,Av. Brasil,2548,Recife,PE
9,40020-980,40020980,Av. Brasil,1675,Salvador,BA
10,22640-389,22640389,Av. Principal,5882,Rio de Janeiro,RJ
11,90010-618,90010618,Av. Brasil,712,Porto Alegre,RS
12,60110-549,60110549,Av. Principal,6202,Fortaleza,CE
13,22640-565,22640565,Av. Brasil,5926,Rio de Janeiro,RJ
14,40020-721,40020721,Av. Principal,751,Salvador,BA
15,40020-791,40020791,Av. Brasil,1308,Salvador,BA
16,40020-887,40020887,Av. Principal,6228,Salvador,BA
17,80010-464,80010464,Av. Brasil,2665,Curitiba,PR
18,90010-363,90010363,Rua das Flores,4375,Porto Alegre,RS
19,22640-623,22640623,Rua das Flores,8752,Rio de Janeiro,RJ
20,40020-167,40020167,Rua XV,6217,Salvador,BA
21,80010-947,80010947,Rua das Flores,5314,Curitiba,PR
22,01310-234,01310234,Av. Principal,5169,Sao Paulo,SP
23,50050-274,50050274,Av. Principal,3457,Recife,PE
24,90010-217,90010217,Rua XV,6483,Porto Alegre,RS
25,60110-146,60110146,Av. Brasil,2288,Fortaleza,CE
26,40020-762,40020762,Av. Brasil,9578,Salvador,BA
27,50050-919,50050919,Rua XV,5931,Recife,PE
28,40020-141,40020141,Rua XV,1490,Salvador,BA
29,01310-881,01310881,Av. Principal,2505,Sao Paulo,SP
30,30130-811,30130811,Rua XV,9772,Belo Horizonte,MG
31,22640-394,22640394,Rua XV,9764,Rio de Janeiro,RJ
32,60110-541,60110541,Av. Brasil,9065,Fortaleza,CE
33,01310-696,01310696,Av. Principal,8798,Sao Paulo,SP
34,80010-787,80010787,Av. Brasil,1828,Curitiba,PR
35,80010-445,80010445,Rua das Flores,7434,Curitiba,PR
36,01310-976,01310976,Av. Brasil,8202,Sao Paulo,SP
37,30130-519,30130519,Av. Principal,4890,Belo Horizonte,MG
38,40020-156,40020156,Av. Brasil,2647,Salvador,BA
39,01310-613,01310613,Av. Brasil,8006,Sao Paulo,SP
40,01310-114,01310114,Av. Brasil,5039,Sao Paulo,SP
41,40020-059,40020059,Rua das Flores,9296,Salvador,BA
42,22640-087,22640087,Rua XV,1134,Rio de Janeiro,RJ
43,30130-131,30130131,Rua XV,9008,Belo Horizonte,MG
44,30130-271,30130271,Rua XV,3471,Belo Horizonte,MG
45,40020-730,40020730,Av. Brasil,6538,Salvador,BA
46,90010-448,90010448,Rua XV,1983,Porto Alegre,RS
47,40020-230,40020230,Av. Principal,5540,Salvador,BA
48,01310-602,01310602,Rua das Flores,9642,Sao Paulo,SP
49,40020-007,40020007,Av. Principal,965,Salvador,BA
50,40020-069,40020069,Av. Principal,5414,Salvador,BA
51,22640-526,22640526,Rua das Flores,4563,Rio de Janeiro,RJ
52,60110-219,60110219,Rua das Flores,9356,Fortaleza,CE
53,60110-248,60110248,Rua XV,6670,Fortaleza,CE
54,40020-096,40020096,Av. Principal,7063,Salvador,BA
55,90010-433,90010433,Rua XV,7652,Porto Alegre,RS
56,01310-689,01310689,Av. Principal,994,Sao Paulo,SP
57,50050-745,50050745,Av. Brasil,1791,Recife,PE
58,40020-196,40020196,Rua das Flores,8787,Salvador,BA
59,60110-143,60110143,Rua XV,3007,Fortaleza,CE
60,80010-473,80010473,Rua das Flores,1236,Curitiba,PR
61,60110-827,60110827,Av. Principal,829,Fortaleza,CE
62,01310-992,01310992,Av. Principal,3873,Sao Paulo,SP
63,30130-416,30130416,Rua XV,7887,Belo Horizonte,MG
64,40020-885,40020885,Rua XV,961,Salvador,BA
65,30130-388,30130388,Av. Principal,6397,Belo Horizonte,MG
66,80010-948,80010948,Rua XV,4674,Curitiba,PR
67,50050-713,50050713,Rua XV,2537,Recife,PE
68,40020-303,40020303,Rua das Flores,959,Salvador,BA
69,01310-765,01310765,Av. Brasil,937,Sao Paulo,SP
70,01310-598,01310598,Rua XV,8239,Sao Paulo,SP
71,30130-058,30130058,Av. Principal,3045,Belo Horizonte,MG
72,22640-609,22640609,Av. Principal,3854,Rio de Janeiro,RJ
73,50050-122,50050122,Rua das Flores,9486,Recife,PE
74,01310-634,01310634,Av. Principal,6869,Sao Paulo,SP
75,90010-957,90010957,Av. Brasil,3347,Porto Alegre,RS
76,90010-244,90010244,Av. Brasil,6485,Porto Alegre,RS
77,30130-687,30130687,Av. Brasil,7492,Belo Horizonte,MG
78,90010-951,90010951,Av. Principal,153,Porto Alegre,RS
79,60110-636,60110636,Av. Principal,1201,Fortaleza,CE
80,40020-518,40020518,Av. Brasil,2171,Salvador,BA
81,90010-902,90010902,Av. Principal,4003,Porto Alegre,RS
82,90010-291,90010291,Rua das Flores,7180,Porto Alegre,RS
83,80010-626,80010626,Av. Principal,9087,Curitiba,PR
84,80010-954,80010954,Av. Principal,2201,Curitiba,PR
85,80010-118,80010118,Av. Principal,9065,Curitiba,PR
86,30130-278,30130278,Av. Brasil,9910,Belo Horizonte,MG
87,40020-734,40020734,Av. Brasil,3336,Salvador,BA
88,80010-517,80010517,Rua XV,4115,Curitiba,PR
89,01310-094,01310094,Rua XV,4534,Sao Paulo,SP
90,01310-003,01310003,Av. Brasil,2144,Sao Paulo,SP
91,80010-165,80010165,Rua XV,9039,Curitiba,PR
92,50050-574,50050574,Av. Principal,1833,Recife,PE
93,22640-967,22640967,Rua das Flores,8939,Rio de Janeiro,RJ
94,01310-854,01310854,Av. Brasil,9544,Sao Paulo,SP
95,30130-440,30130440,Rua das Flores,686,Belo Horizonte,MG
96,80010-373,80010373,Av. Principal,5863,Curitiba,PR
97,40020-698,40020698,Rua das Flores,1685,Salvador,BA
98,90010-798,90010798,Rua XV,2533,Porto Alegre,RS
99,40020-885,40020885,Rua das Flores,2901,Salvador,BA
100,50050-025,50050025,Rua das Flores,5443,Recife,PE
101,50050-821,50050821,Rua das Flores,4372,Recife,PE
102,30130-806,30130806,Av. Principal,6268,Belo Horizonte,MG
103,01310-879,01310879,Rua XV,3645,Sao Paulo,SP
104,40020-836,40020836,Rua XV,5729,Salvador,BA
105,80010-840,80010840,Rua das Flores,3653,Curitiba,PR
106,01310-675,01310675,Rua das Flores,6529,Sao Paulo,SP
107,90010-285,90010285,Av. Principal,4574,Porto Alegre,RS
108,90010-656,90010656,Rua XV,8786,Porto Alegre,RS
109,90010-961,90010961,Av. Principal,1890,Porto Alegre,RS
110,80010-182,80010182,Av. Brasil,627,Curitiba,PR
111,22640-610,22640610,Rua XV,5664,Rio de Janeiro,RJ
112,90010-446,90010446,Av. Principal,6312,Porto Alegre,RS
113,40020-260,40020260,Av. Principal,7145,Salvador,BA
114,01310-532,01310532,Rua das Flores,5968,Sao Paulo,SP
115,50050-071,50050071,Av. Brasil,5144,Recife,PE
116,22640-737,22640737,Av. Brasil,8309,Rio de Janeiro,RJ
117,80010-682,80010682,Rua XV,5345,Curitiba,PR
118,50050-713,50050713,Av. Brasil,9084,Recife,PE
119,30130-196,30130196,Rua XV,6212,Belo Horizonte,MG
120,30130-630,30130630,Av. Brasil,6654,Belo Horizonte,MG
121,01310-311,01310311,Av. Brasil,3444,Sao Paulo,SP
122,50050-804,50050804,Av. Brasil,7619,Recife,PE
123,60110-452,60110452,Rua das Flores,8376,Fortaleza,CE
124,60110-812,60110812,Rua das Flores,1390,Fortaleza,CE
125,80010-527,80010527,Av. Brasil,1531,Curitiba,PR
126,40020-688,40020688,Av. Brasil,3681,Salvador,BA
127,40020-150,40020150,Av. Principal,758,Salvador,BA
128,40020-486,40020486,Av. Principal,7462,Salvador,BA
129,50050-907,50050907,Rua das Flores,6292,Recife,PE
130,60110-409,60110409,Rua das Flores,2418,Fortaleza,CE
131,01310-914,01310914,Av. Principal,6966,Sao Paulo,SP
132,40020-180,40020180,Rua XV,823,Salvador,BA
133,40020-939,40020939,Av. Principal,7479,Salvador,BA
134,30130-820,30130820,Rua XV,8703,Belo Horizonte,MG
135,90010-972,90010972,Rua XV,8271,Porto Alegre,RS
136,50050-850,50050850,Rua XV,2608,Recife,PE
137,60110-460,60110460,Av. Brasil,4051,Fortaleza,CE
138,80010-784,80010784,Rua XV,3920,Curitiba,PR
139,80010-450,80010450,Av. Principal,4682,Curitiba,PR
140,40020-278,40020278,Av. Brasil,5239,Salvador,BA
141,22640-141,22640141,Rua das Flores,3789,Rio de Janeiro,RJ
142,50050-710,50050710,Rua das Flores,3506,Recife,PE
143,22640-424,22640424,Rua XV,5422,Rio de Janeiro,RJ
144,60110-425,60110425,Av. Principal,3389,Fortaleza,CE
145,50050-398,50050398,Av. Principal,9433,Recife,PE
146,50050-488,50050488,Av. Principal,5764,Recife,PE
147,80010-771,80010771,Rua XV,6866,Curitiba,PR
148,40020-499,40020499,Rua das Flores,4472,Salvador,BA
149,50050-497,50050497,Av. Principal,6372,Recife,PE
150,90010-684,90010684,Rua XV,2705,Porto Alegre,RS
151,60110-941,60110941,Rua das Flores,8752,Fortaleza,CE
152,01310-928,01310928,Rua XV,9698,Sao Paulo,SP
153,01310-085,01310085,Rua XV,2224,Sao Paulo,SP
154,60110-186,60110186,Av. Principal,4263,Fortaleza,CE
155,50050-335,50050335,Rua das Flores,7450,Recife,PE
156,90010-345,90010345,Rua XV,4559,Porto Alegre,RS
157,50050-258,50050258,Av. Principal,7706,Recife,PE
158,01310-767,01310767,Av. Principal,5734,Sao Paulo,SP
159,40020-665,40020665,Av. Principal,660,Salvador,BA
160,01310-972,01310972,Rua das Flores,3267,Sao Paulo,SP
161,01310-636,01310636,Rua das Flores,3909,Sao Paulo,SP
162,30130-484,30130484,Av. Principal,9241,Belo Horizonte,MG
163,40020-476,40020476,Av. Brasil,6044,Salvador,BA
164,30130-620,30130620,Av. Principal,2684,Belo Horizonte,MG
165,80010-110,80010110,Av. Principal,5112,Curitiba,PR
166,50050-406,50050406,Rua das Flores,1246,Recife,PE
167,40020-104,40020104,Av. Brasil,9838,Salvador,BA
168,22640-815,22640815,Av. Principal,5689,Rio de Janeiro,RJ
169,50050-677,50050677,Av. Brasil,1130,Recife,PE
170,90010-012,90010012,Rua XV,8032,Porto Alegre,RS
171,22640-443,22640443,Av. Brasil,7533,Rio de Janeiro,RJ
172,30130-445,30130445,Rua das Flores,8549,Belo Horizonte,MG
173,80010-630,80010630,Rua XV,7617,Curitiba,PR
174,50050-845,50050845,Av. Brasil,5281,Recife,PE
175,40020-850,40020850,Av. Principal,4570,Salvador,BA
176,60110-249,60110249,Rua XV,9337,Fortaleza,CE
177,50050-344,50050344,Av. Principal,8099,Recife,PE
178,90010-186,90010186,Rua XV,3476,Porto Alegre,RS
179,90010-816,90010816,Av. Brasil,5577,Porto Alegre,RS
180,80010-901,80010901,Av. Brasil,9107,Curitiba,PR
181,01310-529,01310529,Rua das Flores,1403,Sao Paulo,SP
182,40020-737,40020737,Rua XV,8005,Salvador,BA
183,40020-707,40020707,Rua XV,8042,Salvador,BA
184,60110-811,60110811,Av. Principal,1525,Fortaleza,CE
185,80010-226,80010226,Rua XV,3987,Curitiba,PR
186,80010-679,80010679,Av. Brasil,7754,Curitiba,PR
187,90010-435,90010435,Av. Brasil,5765,Porto Alegre,RS
188,60110-277,60110277,Av. Brasil,4119,Fortaleza,CE
189,40020-123,40020123,Rua das Flores,5170,Salvador,BA
190,22640-760,22640760,Rua das Flores,3139,Rio de Janeiro,RJ
191,40020-756,40020756,Rua XV,4531,Salvador,BA
192,80010-102,80010102,Rua das Flores,4854,Curitiba,PR
193,40020-369,40020369,Rua das Flores,4953,Salvador,BA
194,01310-725,01310725,Rua das Flores,4495,Sao Paulo,SP
195,01310-997,01310997,Av. Principal,9067,Sao Paulo,SP
196,80010-714,80010714,Rua das Flores,8043,Curitiba,PR
197,22640-893,22640893,Av. Principal,9406,Rio de Janeiro,RJ
198,80010-480,80010480,Rua XV,7217,Curitiba,PR
199,90010-188,90010188,Av. Principal,4137,Porto Alegre,RS
200,60110-116,60110116,Av. Principal,6566,Fortaleza,CE
201,60110-075,60110075,Av. Principal,2486,Fortaleza,CE
202,30130-830,30130830,Av. Brasil,1396,Belo Horizonte,MG
203,40020-121,40020121,Rua XV,9934,Salvador,BA
204,40020-794,40020794,Rua XV,7382,Salvador,BA
205,60110-304,60110304,Rua XV,5004,Fortaleza,CE
206,01310-624,01310624,Av. Principal,3405,Sao Paulo,SP
207,40020-270,40020270,Av. Principal,2574,Salvador,BA
208,40020-177,40020177,Av. Principal,2565,Salvador,BA
209,01310-418,01310418,Rua XV,9730,Sao Paulo,SP
210,60110-298,60110298,Av. Principal,3793,Fortaleza,CE
211,80010-723,80010723,Av. Brasil,7439,Curitiba,PR
212,22640-703,22640703,Rua das Flores,4335,Rio de Janeiro,RJ
213,40020-435,40020435,Av. Principal,8923,Salvador,BA
214,40020-663,40020663,Rua das Flores,4353,Salvador,BA
215,30130-073,30130073,Av. Principal,2719,Belo Horizonte,MG
216,80010-609,80010609,Av. Brasil,7196,Curitiba,PR
217,22640-479,22640479,Av. Brasil,6595,Rio de Janeiro,RJ
218,80010-512,80010512,Rua XV,7173,Curitiba,PR
219,22640-612,22640612,Av. Principal,7079,Rio de Janeiro,RJ
220,90010-618,90010618,Av. Brasil,424,Porto Alegre,RS
221,22640-234,22640234,Av. Principal,4416,Rio de Janeiro,RJ
222,01310-781,01310781,Rua das Flores,7709,Sao Paulo,SP
223,60110-938,60110938,Av. Brasil,2974,Fortaleza,CE
224,50050-650,50050650,Rua XV,1495,Recife,PE
225,60110-356,60110356,Rua XV,5461,Fortaleza,CE
226,90010-686,90010686,Av. Principal,2635,Porto Alegre,RS
227,90010-421,90010421,Rua XV,4723,Porto Alegre,RS
228,50050-833,50050833,Av. Principal,7452,Recife,PE
229,22640-322,22640322,Av. Brasil,5297,Rio de Janeiro,RJ
230,22640-993,22640993,Rua XV,8432,Rio de Janeiro,RJ
231,01310-673,01310673,Rua XV,6771,Sao Paulo,SP
232,01310-192,01310192,Av. Brasil,8168,Sao Paulo,SP
233,60110-778,60110778,Av. Principal,3336,Fortaleza,CE
234,80010-562,80010562,Rua das Flores,4720,Curitiba,PR
235,60110-901,60110901,Rua XV,1990,Fortaleza,CE
236,01310-996,01310996,Rua das Flores,2595,Sao Paulo,SP
237,80010-564,80010564,Av. Principal,9049,Curitiba,PR
238,50050-095,50050095,Rua das Flores,1859,Recife,PE
239,60110-969,60110969,Av. Principal,2523,Fortaleza,CE
240,60110-955,60110955,Av. Brasil,8338,Fortaleza,CE
241,80010-425,80010425,Rua XV,7737,Curitiba,PR
242,40020-467,40020467,Rua das Flores,6285,Salvador,BA
243,40020-943,40020943,Rua das Flores,1144,Salvador,BA
244,80010-791,80010791,Rua XV,5569,Curitiba,PR
245,80010-840,80010840,Av. Principal,4635,Curitiba,PR
246,80010-857,80010857,Rua XV,2435,Curitiba,PR
247,60110-551,60110551,Rua XV,5655,Fortaleza,CE
248,90010-565,90010565,Rua XV,7461,Porto Alegre,RS
249,90010-890,90010890,Rua das Flores,3913,Porto Alegre,RS
250,50050-239,50050239,Rua XV,716,Recife,PE
251,90010-762,90010762,Rua XV,6247,Porto Alegre,RS
252,50050-679,50050679,Rua das Flores,8116,Recife,PE
253,01310-129,01310129,Av. Brasil,1645,Sao Paulo,SP
254,60110-102,60110102,Rua XV,252,Fortaleza,CE
255,30130-419,30130419,Rua das Flores,1226,Belo Horizonte,MG
256,60110-800,60110800,Av. Brasil,5547,Fortaleza,CE
257,50050-665,50050665,Av. Principal,5384,Recife,PE
258,50050-977,50050977,Av. Brasil,7995,Recife,PE
259,01310-632,01310632,Av. Principal,3847,Sao Paulo,SP
260,80010-232,80010232,Av. Principal,7111,Curitiba,PR
261,22640-778,22640778,Av. Principal,7270,Rio de Janeiro,RJ
262,30130-710,30130710,Av. Brasil,475,Belo Horizonte,MG
263,01310-332,01310332,Av. Principal,4807,Sao Paulo,SP
264,90010-383,90010383,Rua XV,2386,Porto Alegre,RS
265,40020-543,40020543,Rua XV,9273,Salvador,BA
266,30130-174,30130174,Rua das Flores,1294,Belo Horizonte,MG
267,50050-634,50050634,Rua das Flores,8154,Recife,PE
268,30130-237,30130237,Rua XV,4162,Belo Horizonte,MG
269,60110-261,60110261,Av. Principal,7623,Fortaleza,CE
270,80010-693,80010693,Rua das Flores,1211,Curitiba,PR
271,60110-967,60110967,Av. Brasil,9627,Fortaleza,CE
272,80010-654,80010654,Rua XV,4098,Curitiba,PR
273,60110-865,60110865,Av. Brasil,3264,Fortaleza,CE
274,50050-873,50050873,Rua XV,1748,Recife,PE
275,40020-390,40020390,Av. Brasil,9418,Salvador,BA
276,80010-716,80010716,Av. Brasil,360,Curitiba,PR
277,50050-281,50050281,Av. Principal,9273,Recife,PE
278,01310-932,01310932,Rua XV,4690,Sao Paulo,SP
279,40020-621,40020621,Av. Brasil,3589,Salvador,BA
280,40020-635,40020635,Av. Brasil,2241,Salvador,BA
281,22640-925,22640925,Av. Principal,5062,Rio de Janeiro,RJ
282,60110-034,60110034,Av. Brasil,2154,Fortaleza,CE
283,22640-931,22640931,Av. Brasil,5353,Rio de Janeiro,RJ
284,50050-179,50050179,Rua das Flores,2166,Recife,PE
285,90010-543,90010543,Av. Brasil,2696,Porto Alegre,RS
286,80010-935,80010935,Rua XV,4836,Curitiba,PR
287,90010-823,90010823,Av. Principal,7674,Porto Alegre,RS
288,22640-144,22640144,Rua das Flores,6512,Rio de Janeiro,RJ
289,90010-092,90010092,Rua XV,229,Porto Alegre,RS
290,80010-549,80010549,Av. Principal,7452,Curitiba,PR
291,90010-688,90010688,Av. Brasil,9578,Porto Alegre,RS
292,50050-842,50050842,Av. Brasil,1776,Recife,PE
293,40020-482,40020482,Av. Principal,9199,Salvador,BA
294,90010-937,90010937,Rua das Flores,1036,Porto Alegre,RS
295,60110-931,60110931,Av. Brasil,6690,Fortaleza,CE
296,22640-143,22640143,Av. Principal,610,Rio de Janeiro,RJ
297,80010-504,80010504,Av. Principal,1593,Curitiba,PR
298,40020-908,40020908,Rua das Flores,6368,Salvador,BA
299,60110-379,60110379,Rua XV,9623,Fortaleza,CE
300,30130-906,30130906,Rua XV,1623,Belo Horizonte,MG
301,60110-630,60110630,Rua XV,4584,Fortaleza,CE
302,01310-706,01310706,Av. Brasil,3560,Sao Paulo,SP
303,60110-455,60110455,Rua das Flores,5943,Fortaleza,CE
304,22640-702,22640702,Av. Brasil,8921,Rio de Janeiro,RJ
305,90010-062,90010062,Rua XV,4521,Porto Alegre,RS
306,40020-991,40020991,Av. Principal,7451,Salvador,BA
307,22640-678,22640678,Rua das Flores,9784,Rio de Janeiro,RJ
308,01310-051,01310051,Av. Brasil,3991,Sao Paulo,SP
309,30130-805,30130805,Rua das Flores,1125,Belo Horizonte,MG
310,40020-600,40020600,Rua das Flores,3818,Salvador,BA
311,90010-792,90010792,Rua das Flores,9765,Porto Alegre,RS
312,01310-283,01310283,Rua das Flores,2130,Sao Paulo,SP
313,80010-817,80010817,Rua das Flores,1802,Curitiba,PR
314,01310-134,01310134,Av. Principal,5870,Sao Paulo,SP
315,40020-602,40020602,Av. Brasil,259,Salvador,BA
316,30130-271,30130271,Av. Principal,2077,Belo Horizonte,MG
317,50050-538,50050538,Av. Principal,1042,Recife,PE
318,60110-459,60110459,Av. Brasil,8409,Fortaleza,CE
319,22640-462,22640462,Rua das Flores,711,Rio de Janeiro,RJ
320,80010-469,80010469,Av. Principal,997,Curitiba,PR
321,60110-867,60110867,Rua XV,6985,Fortaleza,CE
322,22640-502,22640502,Rua XV,1205,Rio de Janeiro,RJ
323,22640-329,22640329,Rua das Flores,1077,Rio de Janeiro,RJ
324,30130-281,30130281,Av. Brasil,6241,Belo Horizonte,MG
325,80010-464,80010464,Rua XV,1625,Curitiba,PR
326,22640-873,22640873,Rua das Flores,7047,Rio de Janeiro,RJ
327,60110-909,60110909,Rua das Flores,6780,Fortaleza,CE
328,90010-847,90010847,Rua XV,6533,Porto Alegre,RS
329,50050-747,50050747,Av. Principal,5121,Recife,PE
330,50050-320,50050320,Av. Brasil,6133,Recife,PE
331,30130-703,30130703,Rua XV,1100,Belo Horizonte,MG
332,22640-851,22640851,Av. Principal,1528,Rio de Janeiro,RJ
333,50050-098,50050098,Av. Brasil,2132,Recife,PE
334,01310-600,01310600,Av. Brasil,2003,Sao Paulo,SP
335,50050-362,50050362,Rua XV,843,Recife,PE
336,80010-614,80010614,Av. Brasil,5762,Curitiba,PR
337,22640-591,22640591,Rua das Flores,2536,Rio de Janeiro,RJ
338,60110-229,60110229,Av. Principal,5737,Fortaleza,CE
339,90010-117,90010117,Av. Brasil,9407,Porto Alegre,RS
340,40020-826,40020826,Rua XV,9191,Salvador,BA
341,01310-623,01310623,Av. Brasil,475,Sao Paulo,SP
342,30130-279,30130279,Av. Brasil,5568,Belo Horizonte,MG
343,90010-006,90010006,Rua das Flores,2348,Porto Alegre,RS
344,50050-071,50050071,Rua das Flores,503,Recife,PE
345,22640-764,22640764,Rua das Flores,6164,Rio de Janeiro,RJ
346,50050-464,50050464,Av. Brasil,2579,Recife,PE
347,90010-319,90010319,Av. Brasil,9300,Porto Alegre,RS
348,22640-904,22640904,Av. Principal,2550,Rio de Janeiro,RJ
349,30130-772,30130772,Av. Principal,1337,Belo Horizonte,MG
350,80010-453,80010453,Rua XV,7958,Curitiba,PR
351,60110-424,60110424,Av. Brasil,3532,Fortaleza,CE
352,22640-353,22640353,Rua XV,1817,Rio de Janeiro,RJ
353,80010-694,80010694,Rua XV,8634,Curitiba,PR
354,80010-046,80010046,Rua das Flores,6476,Curitiba,PR
355,01310-007,01310007,Rua das Flores,4939,Sao Paulo,SP
356,40020-785,40020785,Rua das Flores,4187,Salvador,BA
357,80010-335,80010335,Av. Principal,127,Curitiba,PR
358,60110-764,60110764,Rua XV,2879,Fortaleza,CE
359,30130-389,30130389,Rua das Flores,8197,Belo Horizonte,MG
360,90010-073,90010073,Rua XV,694,Porto Alegre,RS
361,50050-019,50050019,Rua XV,1276,Recife,PE
362,90010-589,90010589,Rua XV,9395,Porto Alegre,RS
363,50050-726,50050726,Rua XV,4744,Recife,PE
364,22640-414,22640414,Av. Principal,5322,Rio de Janeiro,RJ
365,30130-820,30130820,Rua XV,5929,Belo Horizonte,MG
366,22640-447,22640447,Av. Principal,3987,Rio de Janeiro,RJ
367,50050-603,50050603,Rua XV,8585,Recife,PE
368,22640-405,22640405,Av. Brasil,5563,Rio de Janeiro,RJ
369,40020-341,40020341,Rua das Flores,1252,Salvador,BA
370,22640-543,22640543,Rua das Flores,5725,Rio de Janeiro,RJ
371,90010-744,90010744,Rua das Flores,3872,Porto Alegre,RS
372,22640-149,22640149,Av. Brasil,3233,Rio de Janeiro,RJ
373,30130-616,30130616,Rua das Flores,1235,Belo Horizonte,MG
374,30130-974,30130974,Rua XV,7602,Belo Horizonte,MG
375,60110-697,60110697,Av. Brasil,5180,Fortaleza,CE
376,30130-450,30130450,Av. Principal,7683,Belo Horizonte,MG
377,60110-646,60110646,Av. Brasil,4501,Fortaleza,CE
378,01310-360,01310360,Av. Principal,5086,Sao Paulo,SP
379,60110-462,60110462,Av. Principal,933,Fortaleza,CE
380,90010-851,90010851,Av. Brasil,1258,Porto Alegre,RS
381,22640-629,22640629,Rua XV,7582,Rio de Janeiro,RJ
382,01310-460,01310460,Rua das Flores,5268,Sao Paulo,SP
383,60110-513,60110513,Rua das Flores,1014,Fortaleza,CE
384,60110-105,60110105,Av. Brasil,1382,Fortaleza,CE
385,30130-040,30130040,Rua das Flores,7173,Belo Horizonte,MG
386,60110-536,60110536,Rua das Flores,5963,Fortaleza,CE
387,90010-939,90010939,Av. Brasil,6348,Porto Alegre,RS
388,50050-793,50050793,Av. Brasil,9796,Recife,PE
389,01310-808,01310808,Av. Brasil,1080,Sao Paulo,SP
390,90010-096,90010096,Rua XV,4656,Porto Alegre,RS
391,80010-741,80010741,Rua das Flores,5462,Curitiba,PR
392,22640-596,22640596,Rua das Flores,5732,Rio de Janeiro,RJ
393,80010-990,80010990,Rua XV,2113,Curitiba,PR
394,22640-317,22640317,Rua XV,5382,Rio de Janeiro,RJ
395,30130-686,30130686,Av. Principal,6938,Belo Horizonte,MG
396,90010-018,90010018,Av. Brasil,5061,Porto Alegre,RS
397,30130-973,30130973,Rua das Flores,5599,Belo Horizonte,MG
398,60110-196,60110196,Rua das Flores,2254,Fortaleza,CE
399,30130-079,30130079,Av. Brasil,1658,Belo Horizonte,MG
400,01310-677,01310677,Av. Brasil,2148,Sao Paulo,SP
401,50050-157,50050157,Rua das Flores,2963,Recife,PE
402,30130-738,30130738,Rua XV,716,Belo Horizonte,MG
403,50050-373,50050373,Rua das Flores,7278,Recife,PE
404,80010-770,80010770,Rua XV,3834,Curitiba,PR
405,40020-316,40020316,Rua XV,3179,Salvador,BA
406,90010-694,90010694,Rua XV,7565,Porto Alegre,RS
407,80010-796,80010796,Rua XV,8240,Curitiba,PR
408,50050-989,50050989,Rua das Flores,3272,Recife,PE
409,30130-893,30130893,Av. Brasil,855,Belo Horizonte,MG
410,60110-895,60110895,Av. Brasil,9086,Fortaleza,CE
411,22640-728,22640728,Av. Principal,4671,Rio de Janeiro,RJ
412,22640-781,22640781,Rua das Flores,4470,Rio de Janeiro,RJ
413,60110-927,60110927,Rua das Flores,7168,Fortaleza,CE
414,22640-969,22640969,Rua das Flores,7392,Rio de Janeiro,RJ
415,90010-952,90010952,Av. Principal,6798,Porto Alegre,RS
416,01310-405,01310405,Av. Brasil,3863,Sao Paulo,SP
417,50050-083,50050083,Av. Brasil,3679,Recife,PE
418,01310-326,01310326,Av. Principal,5494,Sao Paulo,SP
419,30130-140,30130140,Av. Principal,4701,Belo Horizonte,MG
420,60110-712,60110712,Rua das Flores,7686,Fortaleza,CE
421,60110-630,60110630,Av. Principal,1299,Fortaleza,CE
422,01310-262,01310262,Rua das Flores,2450,Sao Paulo,SP
423,50050-113,50050113,Av. Brasil,3894,Recife,PE
424,80010-124,80010124,Av. Principal,3907,Curitiba,PR
425,50050-654,50050654,Rua XV,1030,Recife,PE
426,22640-856,22640856,Rua XV,9777,Rio de Janeiro,RJ
427,01310-647,01310647,Rua das Flores,2353,Sao Paulo,SP
428,80010-439,80010439,Av. Principal,5781,Curitiba,PR
429,40020-584,40020584,Rua XV,3069,Salvador,BA
430,22640-536,22640536,Av. Brasil,1109,Rio de Janeiro,RJ
431,01310-399,01310399,Rua XV,714,Sao Paulo,SP
432,50050-382,50050382,Av. Brasil,267,Recife,PE
433,90010-807,90010807,Av. Principal,5650,Porto Alegre,RS
434,40020-750,40020750,Av. Principal,9534,Salvador,BA
435,90010-136,90010136,Av. Principal,5773,Porto Alegre,RS
436,90010-833,90010833,Rua das Flores,7613,Porto Alegre,RS
437,60110-646,60110646,Rua das Flores,2210,Fortaleza,CE
438,22640-733,22640733,Rua XV,606,Rio de Janeiro,RJ
439,80010-206,80010206,Av. Principal,3269,Curitiba,PR
440,01310-323,01310323,Av. Brasil,8445,Sao Paulo,SP
441,50050-834,50050834,Rua XV,4151,Recife,PE
442,01310-771,01310771,Rua das Flores,4688,Sao Paulo,SP
443,90010-882,90010882,Av. Principal,5439,Porto Alegre,RS
444,80010-127,80010127,Av. Brasil,7160,Curitiba,PR
445,50050-761,50050761,Rua XV,6335,Recife,PE
446,90010-997,90010997,Rua das Flores,8130,Porto Alegre,RS
447,60110-376,60110376,Av. Brasil,1354,Fortaleza,CE
448,50050-080,50050080,Rua XV,9871,Recife,PE
449,30130-558,30130558,Av. Brasil,5263,Belo Horizonte,MG
450,22640-081,22640081,Av. Brasil,4844,Rio de Janeiro,RJ
451,80010-456,80010456,Rua XV,2731,Curitiba,PR
452,60110-359,60110359,Rua XV,694,Fortaleza,CE
453,90010-629,90010629,Rua XV,4499,Porto Alegre,RS
454,01310-076,01310076,Rua XV,5953,Sao Paulo,SP
455,30130-975,30130975,Av. Principal,2340,Belo Horizonte,MG
456,60110-035,60110035,Rua das Flores,1102,Fortaleza,CE
457,40020-797,40020797,Av. Brasil,5934,Salvador,BA
458,50050-972,50050972,Av. Principal,9914,Recife,PE
459,30130-695,30130695,Rua XV,6078,Belo Horizonte,MG
460,90010-454,90010454,Av. Principal,9404,Porto Alegre,RS
461,30130-542,30130542,Av. Brasil,6522,Belo Horizonte,MG
462,90010-665,90010665,Av. Brasil,4090,Porto Alegre,RS
463,22640-026,22640026,Rua das Flores,8177,Rio de Janeiro,RJ
464,50050-935,50050935,Av. Principal,4289,Recife,PE
465,80010-720,80010720,Rua XV,3516,Curitiba,PR
466,80010-710,80010710,Rua XV,3280,Curitiba,PR
467,22640-138,22640138,Av. Principal,7407,Rio de Janeiro,RJ
468,30130-920,30130920,Rua XV,1439,Belo Horizonte,MG
469,90010-683,90010683,Av. Brasil,1064,Porto Alegre,RS
470,80010-912,80010912,Av. Brasil,2581,Curitiba,PR
471,30130-812,30130812,Av. Brasil,8336,Belo Horizonte,MG
472,40020-124,40020124,Rua das Flores,2276,Salvador,BA
473,40020-809,40020809,Rua XV,431,Salvador,BA
474,90010-567,90010567,Av. Brasil,7658,Porto Alegre,RS
475,30130-626,30130626,Av. Principal,1078,Belo Horizonte,MG
476,80010-407,80010407,Rua XV,8613,Curitiba,PR
477,50050-787,50050787,Rua XV,9420,Recife,PE
478,22640-128,22640128,Av. Brasil,1216,Rio de Janeiro,RJ
479,60110-477,60110477,Av. Brasil,2103,Fortaleza,CE
480,30130-786,30130786,Rua das Flores,7089,Belo Horizonte,MG
481,01310-851,01310851,Av. Principal,8489,Sao Paulo,SP
482,30130-311,30130311,Rua das Flores,2654,Belo Horizonte,MG
483,90010-957,90010957,Rua das Flores,5670,Porto Alegre,RS
484,80010-866,80010866,Av. Principal,4106,Curitiba,PR
485,40020-650,40020650,Av. Brasil,2051,Salvador,BA
486,80010-629,80010629,Av. Principal,8235,Curitiba,PR
487,30130-606,30130606,Rua das Flores,2805,Belo Horizonte,MG
488,90010-862,90010862,Av. Principal,465,Porto Alegre,RS
489,22640-046,22640046,Av. Brasil,3454,Rio de Janeiro,RJ
490,50050-632,50050632,Av. Principal,8160,Recife,PE
491,80010-657,80010657,Av. Brasil,7913,Curitiba,PR
492,40020-824,40020824,Rua XV,4874,Salvador,BA
493,60110-074,60110074,Av. Principal,2590,Fortaleza,CE
494,60110-425,60110425,Rua XV,7610,Fortaleza,CE
495,40020-348,40020348,Rua das Flores,5122,Salvador,BA
496,90010-751,90010751,Av. Brasil,6533,Porto Alegre,RS
497,30130-778,30130778,Av. Brasil,8438,Belo Horizonte,MG
498,22640-326,22640326,Rua das Flores,7643,Rio de Janeiro,RJ
499,22640-273,22640273,Rua XV,4062,Rio de Janeiro,RJ
500,30130-099,30130099,Av. Principal,4755,Belo Horizonte,MG
501,50050-884,50050884,Rua XV,4068,Recife,PE
502,30130-833,30130833,Av. Brasil,9465,Belo Horizonte,MG
503,90010-194,90010194,Rua das Flores,8164,Porto Alegre,RS
504,60110-510,60110510,Av. Brasil,8149,Fortaleza,CE
505,01310-092,01310092,Rua XV,8282,Sao Paulo,SP
506,60110-989,60110989,Rua das Flores,3525,Fortaleza,CE
507,90010-049,90010049,Av. Principal,4610,Porto Alegre,RS
508,60110-611,60110611,Rua XV,4682,Fortaleza,CE
509,01310-867,01310867,Av. Principal,7061,Sao Paulo,SP
510,30130-903,30130903,Av. Brasil,5993,Belo Horizonte,MG
511,50050-374,50050374,Av. Principal,6564,Recife,PE
512,01310-583,01310583,Rua das Flores,5940,Sao Paulo,SP
513,80010-075,80010075,Rua XV,8262,Curitiba,PR
514,60110-782,60110782,Av. Brasil,1947,Fortaleza,CE
515,30130-998,30130998,Av. Principal,6454,Belo Horizonte,MG
516,90010-813,90010813,Av. Brasil,9140,Porto Alegre,RS
517,90010-773,90010773,Rua das Flores,3262,Porto Alegre,RS
518,50050-512,50050512,Av. Principal,743,Recife,PE
519,01310-140,01310140,Av. Brasil,7762,Sao Paulo,SP
520,60110-152,60110152,Rua das Flores,5374,Fortaleza,CE
521,90010-166,90010166,Rua XV,4903,Porto Alegre,RS
522,90010-519,90010519,Rua XV,9223,Porto Alegre,RS
523,80010-486,80010486,Av. Principal,6036,Curitiba,PR
524,90010-689,90010689,Av. Principal,6825,Porto Alegre,RS
525,80010-815,80010815,Av. Principal,9780,Curitiba,PR
526,60110-271,60110271,Rua das Flores,842,Fortaleza,CE
527,60110-174,60110174,Rua XV,2422,Fortaleza,CE
528,40020-032,40020032,Av. Principal,3126,Salvador,BA
529,01310-451,01310451,Av. Brasil,6862,Sao Paulo,SP
530,30130-422,30130422,Rua das Flores,6724,Belo Horizonte,MG
531,60110-893,60110893,Av. Principal,2263,Fortaleza,CE
532,40020-574,40020574,Av. Brasil,7838,Salvador,BA
533,50050-321,50050321,Rua das Flores,7532,Recife,PE
534,90010-559,90010559,Av. Brasil,4332,Porto Alegre,RS
535,60110-196,60110196,Rua das Flores,4572,Fortaleza,CE
536,80010-230,80010230,Av. Brasil,4736,Curitiba,PR
537,40020-706,40020706,Rua XV,5195,Salvador,BA
538,60110-357,60110357,Av. Brasil,4716,Fortaleza,CE
539,22640-587,22640587,Rua XV,6465,Rio de Janeiro,RJ
540,90010-977,90010977,Rua das Flores,4759,Porto Alegre,RS
541,01310-294,01310294,Av. Principal,5675,Sao Paulo,SP
542,60110-671,60110671,Av. Brasil,7850,Fortaleza,CE
543,40020-206,40020206,Av. Brasil,9209,Salvador,BA
544,80010-140,80010140,Av. Principal,9615,Curitiba,PR
545,40020-248,40020248,Av. Principal,8701,Salvador,BA
546,40020-653,40020653,Rua das Flores,861,Salvador,BA
547,22640-423,22640423,Av. Brasil,7740,Rio de Janeiro,RJ
548,22640-697,22640697,Rua das Flores,85,Rio de Janeiro,RJ
549,30130-416,30130416,Rua XV,7823,Belo Horizonte,MG
550,40020-774,40020774,Av. Brasil,5263,Salvador,BA
551,80010-661,80010661,Av. Principal,1466,Curitiba,PR
552,40020-547,40020547,Av. Principal,2869,Salvador,BA
553,50050-903,50050903,Rua das Flores,596,Recife,PE
554,50050-806,50050806,Rua XV,3053,Recife,PE
555,80010-897,80010897,Av. Principal,152,Curitiba,PR
556,80010-581,80010581,Av. Principal,5490,Curitiba,PR
557,80010-465,80010465,Rua XV,2199,Curitiba,PR
558,60110-279,60110279,Rua das Flores,1846,Fortaleza,CE
559,90010-166,90010166,Rua XV,4216,Porto Alegre,RS
560,30130-014,30130014,Av. Brasil,4834,Belo Horizonte,MG
561,40020-179,40020179,Rua XV,7008,Salvador,BA
562,90010-088,90010088,Rua XV,1563,Porto Alegre,RS
563,30130-143,30130143,Rua XV,5302,Belo Horizonte,MG
564,40020-006,40020006,Av. Brasil,6285,Salvador,BA
565,40020-457,40020457,Av. Brasil,5401,Salvador,BA
566,80010-596,80010596,Av. Principal,4286,Curitiba,PR
567,90010-709,90010709,Rua das Flores,1018,Porto Alegre,RS
568,22640-476,22640476,Av. Brasil,2617,Rio de Janeiro,RJ
569,50050-702,50050702,Av. Brasil,1924,Recife,PE
570,80010-376,80010376,Rua das Flores,3591,Curitiba,PR
571,30130-489,30130489,Rua das Flores,7455,Belo Horizonte,MG
572,90010-425,90010425,Rua XV,8807,Porto Alegre,RS
573,40020-780,40020780,Rua das Flores,9762,Salvador,BA
574,22640-538,22640538,Rua XV,8654,Rio de Janeiro,RJ
575,90010-079,90010079,Av. Principal,1012,Porto Alegre,RS
576,40020-586,40020586,Rua das Flores,2696,Salvador,BA
577,90010-874,90010874,Rua XV,1905,Porto Alegre,RS
578,40020-734,40020734,Rua XV,1490,Salvador,BA
579,60110-828,60110828,Av. Principal,7430,Fortaleza,CE
580,30130-525,30130525,Rua XV,7485,Belo Horizonte,MG
581,01310-572,01310572,Rua XV,5050,Sao Paulo,SP
582,01310-405,01310405,Av. Brasil,50,Sao Paulo,SP
583,40020-592,40020592,Av. Principal,743,Salvador,BA
584,50050-352,50050352,Av. Principal,8867,Recife,PE
585,01310-957,01310957,Av. Principal,7735,Sao Paulo,SP
586,01310-293,01310293,Rua XV,2949,Sao Paulo,SP
587,30130-784,30130784,Rua XV,6136,Belo Horizonte,MG
588,50050-459,50050459,Rua XV,6155,Recife,PE
589,22640-699,22640699,Rua das Flores,5698,Rio de Janeiro,RJ
590,22640-182,22640182,Rua XV,8665,Rio de Janeiro,RJ
591,30130-745,30130745,Rua das Flores,57,Belo Horizonte,MG
592,01310-305,01310305,Rua XV,8921,Sao Paulo,SP
593,50050-544,50050544,Rua XV,3763,Recife,PE
594,40020-471,40020471,Av. Brasil,2542,Salvador,BA
595,80010-193,80010193,Av. Principal,528,Curitiba,PR
596,50050-629,50050629,Av. Principal,3944,Recife,PE
597,40020-068,40020068,Av. Principal,9732,Salvador,BA
598,01310-457,01310457,Av. Principal,4010,Sao Paulo,SP
599,01310-411,01310411,Rua XV,3840,Sao Paulo,SP
600,40020-772,40020772,Av. Principal,2296,Salvador,BA
601,80010-239,80010239,Av. Brasil,9462,Curitiba,PR
602,90010-242,90010242,Av. Brasil,2348,Porto Alegre,RS
603,40020-423,40020423,Av. Brasil,4509,Salvador,BA
604,01310-570,01310570,Rua das Flores,7000,Sao Paulo,SP
605,60110-048,60110048,Av. Brasil,6245,Fortaleza,CE
606,90010-713,90010713,Rua XV,6689,Porto Alegre,RS
607,30130-307,30130307,Rua XV,3013,Belo Horizonte,MG
608,60110-246,60110246,Rua das Flores,4928,Fortaleza,CE
609,30130-825,30130825,Rua XV,945,Belo Horizonte,MG
610,50050-991,50050991,Rua XV,9131,Recife,PE
611,30130-397,30130397,Rua das Flores,4178,Belo Horizonte,MG
612,40020-338,40020338,Av. Principal,7370,Salvador,BA
613,90010-094,90010094,Rua das Flores,845,Porto Alegre,RS
614,80010-386,80010386,Av. Principal,1193,Curitiba,PR
615,40020-823,40020823,Rua das Flores,7855,Salvador,BA
616,40020-890,40020890,Av. Brasil,4968,Salvador,BA
617,01310-216,01310216,Rua das Flores,1923,Sao Paulo,SP
618,60110-936,60110936,Rua das Flores,9903,Fortaleza,CE
619,40020-406,40020406,Rua das Flores,9046,Salvador,BA
620,90010-794,90010794,Av. Brasil,6237,Porto Alegre,RS
621,60110-546,60110546,Av. Brasil,5054,Fortaleza,CE
622,80010-368,80010368,Rua XV,7636,Curitiba,PR
623,22640-822,22640822,Rua XV,5247,Rio de Janeiro,RJ
624,40020-379,40020379,Av. Brasil,6782,Salvador,BA
625,01310-576,01310576,Rua das Flores,2391,Sao Paulo,SP
626,01310-267,01310267,Rua XV,4837,Sao Paulo,SP
627,30130-200,30130200,Av. Brasil,3769,Belo Horizonte,MG
628,50050-583,50050583,Rua das Flores,8181,Recife,PE
629,90010-263,90010263,Rua XV,8038,Porto Alegre,RS
630,60110-172,60110172,Av. Brasil,2774,Fortaleza,CE
631,30130-737,30130737,Rua XV,3016,Belo Horizonte,MG
632,01310-536,01310536,Av. Principal,1218,Sao Paulo,SP
633,01310-782,01310782,Av. Principal,6757,Sao Paulo,SP
634,30130-862,30130862,Rua das Flores,1114,Belo Horizonte,MG
635,30130-009,30130009,Rua das Flores,8286,Belo Horizonte,MG
636,60110-382,60110382,Av. Principal,7917,Fortaleza,CE
637,60110-016,60110016,Av. Principal,8720,Fortaleza,CE
638,50050-012,50050012,Av. Principal,8674,Recife,PE
639,80010-548,80010548,Av. Brasil,281,Curitiba,PR
640,50050-825,50050825,Rua das Flores,1754,Recife,PE
641,22640-536,22640536,Rua das Flores,3949,Rio de Janeiro,RJ
642,40020-634,40020634,Av. Brasil,5808,Salvador,BA
643,80010-814,80010814,Rua XV,1295,Curitiba,PR
644,90010-982,90010982,Rua XV,7521,Porto Alegre,RS
645,40020-713,40020713,Rua das Flores,4915,Salvador,BA
646,22640-669,22640669,Av. Principal,1532,Rio de Janeiro,RJ
647,50050-388,50050388,Rua XV,9056,Recife,PE
648,60110-057,60110057,Av. Principal,2808,Fortaleza,CE
649,22640-511,22640511,Rua XV,5428,Rio de Janeiro,RJ
650,22640-916,22640916,Av. Principal,3765,Rio de Janeiro,RJ
651,40020-922,40020922,Rua XV,4442,Salvador,BA
652,01310-946,01310946,Av. Principal,4594,Sao Paulo,SP
653,01310-183,01310183,Av. Brasil,257,Sao Paulo,SP
654,40020-601,40020601,Rua das Flores,6526,Salvador,BA
655,22640-306,22640306,Rua das Flores,9240,Rio de Janeiro,RJ
656,40020-580,40020580,Rua XV,8857,Salvador,BA
657,90010-393,90010393,Rua das Flores,1285,Porto Alegre,RS
658,90010-054,90010054,Av. Principal,7162,Porto Alegre,RS
659,40020-858,40020858,Av. Principal,5581,Salvador,BA
660,50050-992,50050992,Av. Brasil,486,Recife,PE
661,80010-802,80010802,Rua XV,8039,Curitiba,PR
662,40020-364,40020364,Rua XV,7076,Salvador,BA
663,30130-696,30130696,Rua XV,1405,Belo Horizonte,MG
664,80010-817,80010817,Rua das Flores,1205,Curitiba,PR
665,22640-274,22640274,Rua das Flores,6226,Rio de Janeiro,RJ
666,30130-757,30130757,Rua XV,5189,Belo Horizonte,MG
667,90010-109,90010109,Av. Principal,86,Porto Alegre,RS
668,80010-455,80010455,Av. Brasil,4420,Curitiba,PR
669,22640-135,22640135,Av. Principal,3071,Rio de Janeiro,RJ
670,50050-459,50050459,Rua XV,1693,Recife,PE
671,01310-091,01310091,Av. Brasil,9081,Sao Paulo,SP
672,22640-611,22640611,Av. Brasil,6312,Rio de Janeiro,RJ
673,01310-298,01310298,Rua XV,6354,Sao Paulo,SP
674,22640-742,22640742,Rua das Flores,9371,Rio de Janeiro,RJ
675,30130-701,30130701,Rua XV,2778,Belo Horizonte,MG
676,30130-275,30130275,Av. Brasil,4398,Belo Horizonte,MG
677,60110-149,60110149,Av. Principal,2740,Fortaleza,CE
678,50050-282,50050282,Rua XV,4912,Recife,PE
679,60110-801,60110801,Av. Principal,5917,Fortaleza,CE
680,80010-966,80010966,Rua das Flores,8124,Curitiba,PR
681,40020-468,40020468,Av. Principal,2220,Salvador,BA
682,80010-006,80010006,Rua XV,5444,Curitiba,PR
683,50050-823,50050823,Av. Brasil,7213,Recife,PE
684,90010-440,90010440,Rua das Flores,4923,Porto Alegre,RS
685,90010-617,90010617,Rua das Flores,7849,Porto Alegre,RS
686,90010-181,90010181,Rua XV,5229,Porto Alegre,RS
687,80010-752,80010752,Rua XV,9436,Curitiba,PR
688,40020-333,40020333,Rua XV,4593,Salvador,BA
689,50050-373,50050373,Av. Principal,9239,Recife,PE
690,40020-606,40020606,Rua das Flores,9013,Salvador,BA
691,01310-975,01310975,Rua XV,3435,Sao Paulo,SP
692,60110-816,60110816,Av. Brasil,1134,Fortaleza,CE
693,50050-689,50050689,Rua XV,2281,Recife,PE
694,80010-247,80010247,Av. Brasil,2526,Curitiba,PR
695,50050-808,50050808,Rua XV,1212,Recife,PE
696,60110-612,60110612,Rua XV,9540,Fortaleza,CE
697,50050-547,50050547,Rua XV,8908,Recife,PE
698,01310-809,01310809,Av. Brasil,8797,Sao Paulo,SP
699,22640-111,22640111,Rua das Flores,5817,Rio de Janeiro,RJ
700,30130-662,30130662,Av. Principal,9228,Belo Horizonte,MG
701,50050-990,50050990,Av. Brasil,7053,Recife,PE
702,22640-010,22640010,Av. Principal,4240,Rio de Janeiro,RJ
703,40020-522,40020522,Rua das Flores,7304,Salvador,BA
704,90010-400,90010400,Rua XV,9644,Porto Alegre,RS
705,30130-353,30130353,Av. Principal,7910,Belo Horizonte,MG
706,22640-302,22640302,Rua XV,1407,Rio de Janeiro,RJ
707,22640-851,22640851,Rua das Flores,5708,Rio de Janeiro,RJ
708,80010-351,80010351,Rua XV,3390,Curitiba,PR
709,60110-356,60110356,Rua XV,1600,Fortaleza,CE
710,60110-739,60110739,Rua XV,5226,Fortaleza,CE
711,22640-307,22640307,Av. Principal,1886,Rio de Janeiro,RJ
712,01310-869,01310869,Av. Brasil,1792,Sao Paulo,SP
713,30130-952,30130952,Rua das Flores,8455,Belo Horizonte,MG
714,30130-565,30130565,Rua das Flores,5423,Belo Horizonte,MG
715,50050-981,50050981,Rua XV,3799,Recife,PE
716,50050-644,50050644,Rua das Flores,3054,Recife,PE
717,50050-405,50050405,Av. Principal,3233,Recife,PE
718,60110-606,60110606,Rua XV,6371,Fortaleza,CE
719,01310-721,01310721,Rua das Flores,3372,Sao Paulo,SP
720,80010-770,80010770,Av. Principal,9460,Curitiba,PR
721,22640-818,22640818,Rua das Flores,5994,Rio de Janeiro,RJ
722,90010-201,90010201,Rua XV,1868,Porto Alegre,RS
723,80010-686,80010686,Rua XV,8647,Curitiba,PR
724,90010-611,90010611,Rua XV,6432,Porto Alegre,RS
725,22640-356,22640356,Av. Brasil,7502,Rio de Janeiro,RJ
726,30130-833,30130833,Av. Brasil,9670,Belo Horizonte,MG
727,22640-688,22640688,Rua das Flores,5132,Rio de Janeiro,RJ
728,22640-244,22640244,Av. Brasil,1917,Rio de Janeiro,RJ
729,30130-382,30130382,Rua das Flores,8370,Belo Horizonte,MG
730,50050-428,50050428,Rua das Flores,9418,Recife,PE
731,50050-433,50050433,Rua das Flores,7974,Recife,PE
732,30130-568,30130568,Rua das Flores,8023,Belo Horizonte,MG
733,80010-143,80010143,Rua das Flores,5155,Curitiba,PR
734,60110-634,60110634,Av. Principal,5883,Fortaleza,CE
735,01310-496,01310496,Rua das Flores,3197,Sao Paulo,SP
736,50050-986,50050986,Rua XV,6704,Recife,PE
737,60110-425,60110425,Rua XV,8007,Fortaleza,CE
738,30130-084,30130084,Av. Principal,3614,Belo Horizonte,MG
739,80010-033,80010033,Av. Brasil,3684,Curitiba,PR
740,80010-172,80010172,Rua XV,9268,Curitiba,PR
741,60110-562,60110562,Av. Principal,9384,Fortaleza,CE
742,22640-274,22640274,Av. Brasil,8881,Rio de Janeiro,RJ
743,01310-778,01310778,Rua XV,8952,Sao Paulo,SP
744,40020-435,40020435,Av. Principal,4056,Salvador,BA
745,80010-895,80010895,Av. Principal,7369,Curitiba,PR
746,80010-356,80010356,Av. Principal,7194,Curitiba,PR
747,22640-794,22640794,Rua das Flores,3439,Rio de Janeiro,RJ
748,90010-881,90010881,Rua XV,2720,Porto Alegre,RS
749,30130-803,30130803,Rua das Flores,3391,Belo Horizonte,MG
750,01310-583,01310583,Av. Brasil,8721,Sao Paulo,SP
751,80010-611,80010611,Rua das Flores,5303,Curitiba,PR
752,80010-296,80010296,Av. Brasil,8429,Curitiba,PR
753,22640-138,22640138,Rua XV,972,Rio de Janeiro,RJ
754,80010-887,80010887,Rua das Flores,2175,Curitiba,PR
755,40020-149,40020149,Av. Brasil,4056,Salvador,BA
756,50050-501,50050501,Rua das Flores,9461,Recife,PE
757,80010-642,80010642,Rua XV,6147,Curitiba,PR
758,60110-077,60110077,Av. Principal,6601,Fortaleza,CE
759,80010-711,80010711,Av. Brasil,7450,Curitiba,PR
760,60110-335,60110335,Av. Principal,1527,Fortaleza,CE
761,60110-650,60110650,Av. Brasil,1038,Fortaleza,CE
762,50050-223,50050223,Rua XV,3471,Recife,PE
763,60110-274,60110274,Av. Brasil,4647,Fortaleza,CE
764,90010-560,90010560,Rua das Flores,9276,Porto Alegre,RS
765,60110-807,60110807,Av. Brasil,794,Fortaleza,CE
766,01310-101,01310101,Rua XV,267,Sao Paulo,SP
767,22640-951,22640951,Rua das Flores,7231,Rio de Janeiro,RJ
768,60110-000,60110000,Rua XV,3315,Fortaleza,CE
769,30130-903,30130903,Av. Brasil,2605,Belo Horizonte,MG
770,80010-095,80010095,Av. Brasil,4103,Curitiba,PR
771,22640-380,22640380,Rua das Flores,849,Rio de Janeiro,RJ
772,50050-640,50050640,Av. Brasil,3837,Recife,PE
773,50050-671,50050671,Av. Principal,1560,Recife,PE
774,01310-218,01310218,Rua XV,1277,Sao Paulo,SP
775,30130-607,30130607,Rua das Flores,8511,Belo Horizonte,MG
776,60110-009,60110009,Av. Principal,5630,Fortaleza,CE
777,22640-880,22640880,Rua XV,2166,Rio de Janeiro,RJ
778,60110-072,60110072,Rua das Flores,6277,Fortaleza,CE
779,22640-748,22640748,Av. Principal,1691,Rio de Janeiro,RJ
780,90010-376,90010376,Av. Brasil,2247,Porto Alegre,RS
781,50050-792,50050792,Rua das Flores,2341,Recife,PE
782,22640-543,22640543,Av. Principal,2689,Rio de Janeiro,RJ
783,60110-359,60110359,Rua das Flores,2481,Fortaleza,CE
784,50050-630,50050630,Rua XV,3560,Recife,PE
785,22640-918,22640918,Av. Principal,2294,Rio de Janeiro,RJ
786,22640-603,22640603,Rua XV,5760,Rio de Janeiro,RJ
787,50050-322,50050322,Rua das Flores,4060,Recife,PE
788,80010-660,80010660,Av. Principal,4066,Curitiba,PR
789,80010-797,80010797,Av. Principal,4943,Curitiba,PR
790,40020-530,40020530,Rua das Flores,6419,Salvador,BA
791,80010-661,80010661,Av. Principal,3922,Curitiba,PR
792,60110-395,60110395,Av. Principal,3950,Fortaleza,CE
793,60110-653,60110653,Av. Principal,8656,Fortaleza,CE
794,01310-369,01310369,Av. Brasil,2163,Sao Paulo,SP
795,50050-881,50050881,Rua XV,5987,Recife,PE
796,30130-781,30130781,Rua XV,1196,Belo Horizonte,MG
797,01310-601,01310601,Av. Principal,226,Sao Paulo,SP
798,80010-220,80010220,Av. Principal,991,Curitiba,PR
799,50050-518,50050518,Av. Brasil,8210,Recife,PE
800,50050-433,50050433,Rua XV,1351,Recife,PE
801,30130-284,30130284,Av. Principal,5078,Belo Horizonte,MG
802,22640-523,22640523,Rua das Flores,2546,Rio de Janeiro,RJ
803,90010-400,90010400,Av. Principal,5082,Porto Alegre,RS
804,50050-747,50050747,Rua das Flores,949,Recife,PE
805,40020-088,40020088,Rua XV,1901,Salvador,BA
806,60110-626,60110626,Av. Principal,5068,Fortaleza,CE
807,30130-122,30130122,Av. Principal,2249,Belo Horizonte,MG
808,01310-167,01310167,Rua XV,5681,Sao Paulo,SP
809,80010-170,80010170,Av. Brasil,2080,Curitiba,PR
810,80010-750,80010750,Av. Principal,481,Curitiba,PR
811,90010-826,90010826,Rua XV,4457,Porto Alegre,RS
812,22640-269,22640269,Av. Principal,8129,Rio de Janeiro,RJ
813,60110-523,60110523,Av. Brasil,909,Fortaleza,CE
814,60110-879,60110879,Rua das Flores,6025,Fortaleza,CE
815,30130-261,30130261,Av. Principal,9403,Belo Horizonte,MG
816,22640-233,22640233,Av. Principal,722,Rio de Janeiro,RJ
817,01310-250,01310250,Av. Principal,7730,Sao Paulo,SP
818,90010-392,90010392,Rua das Flores,2933,Porto Alegre,RS
819,01310-566,01310566,Rua XV,3679,Sao Paulo,SP
820,90010-254,90010254,Rua XV,5242,Porto Alegre,RS
821,80010-845,80010845,Av. Principal,9365,Curitiba,PR
822,90010-122,90010122,Av. Principal,2939,Porto Alegre,RS
823,40020-823,40020823,Av. Principal,6569,Salvador,BA
824,22640-898,22640898,Rua XV,4626,Rio de Janeiro,RJ
825,80010-335,80010335,Av. Principal,9062,Curitiba,PR
826,60110-008,60110008,Av. Brasil,3288,Fortaleza,CE
827,80010-577,80010577,Av. Brasil,3975,Curitiba,PR
828,60110-377,60110377,Rua XV,3202,Fortaleza,CE
829,40020-154,40020154,Av. Principal,6719,Salvador,BA
830,01310-238,01310238,Av. Brasil,158,Sao Paulo,SP
831,90010-001,90010001,Rua XV,5039,Porto Alegre,RS
832,22640-210,22640210,Rua das Flores,6879,Rio de Janeiro,RJ
833,60110-984,60110984,Av. Principal,2333,Fortaleza,CE
834,80010-095,80010095,Av. Principal,3793,Curitiba,PR
835,50050-717,50050717,Av. Brasil,7512,Recife,PE
836,22640-594,22640594,Av. Principal,8281,Rio de Janeiro,RJ
837,30130-652,30130652,Rua XV,1227,Belo Horizonte,MG
838,01310-445,01310445,Rua das Flores,3880,Sao Paulo,SP
839,80010-267,80010267,Av. Brasil,6439,Curitiba,PR
840,90010-325,90010325,Rua XV,4456,Porto Alegre,RS
841,40020-076,40020076,Rua das Flores,2231,Salvador,BA
842,22640-159,22640159,Av. Principal,2694,Rio de Janeiro,RJ
843,60110-477,60110477,Av. Brasil,6661,Fortaleza,CE
844,22640-548,22640548,Av. Brasil,3402,Rio de Janeiro,RJ
845,60110-315,60110315,Rua XV,4342,Fortaleza,CE
846,22640-092,22640092,Rua das Flores,4985,Rio de Janeiro,RJ
847,01310-220,01310220,Av. Brasil,2431,Sao Paulo,SP
848,22640-728,22640728,Rua das Flores,5829,Rio de Janeiro,RJ
849,50050-525,50050525,Av. Principal,4897,Recife,PE
850,80010-839,80010839,Rua das Flores,510,Curitiba,PR
851,50050-875,50050875,Rua XV,9109,Recife,PE
852,40020-096,40020096,Rua XV,1670,Salvador,BA
853,30130-124,30130124,Av. Principal,1011,Belo Horizonte,MG
854,40020-133,40020133,Rua das Flores,6564,Salvador,BA
855,90010-702,90010702,Av. Principal,9541,Porto Alegre,RS
856,80010-939,80010939,Av. Principal,358,Curitiba,PR
857,22640-202,22640202,Rua XV,2111,Rio de Janeiro,RJ
858,22640-926,22640926,Av. Brasil,2008,Rio de Janeiro,RJ
859,01310-964,01310964,Rua XV,830,Sao Paulo,SP
860,30130-946,30130946,Rua XV,6472,Belo Horizonte,MG
861,60110-030,60110030,Rua XV,6991,Fortaleza,CE
862,30130-362,30130362,Rua das Flores,3067,Belo Horizonte,MG
863,80010-286,80010286,Rua XV,2436,Curitiba,PR
864,01310-628,01310628,Rua das Flores,4836,Sao Paulo,SP
865,60110-421,60110421,Rua XV,1000,Fortaleza,CE
866,22640-286,22640286,Rua XV,2249,Rio de Janeiro,RJ
867,50050-204,50050204,Rua das Flores,8908,Recife,PE
868,01310-391,01310391,Av. Brasil,7860,Sao Paulo,SP
869,60110-352,60110352,Av. Brasil,6364,Fortaleza,CE
870,80010-184,80010184,Av. Principal,5225,Curitiba,PR
871,40020-030,40020030,Av. Brasil,960,Salvador,BA
872,60110-542,60110542,Av. Brasil,9569,Fortaleza,CE
873,40020-997,40020997,Rua das Flores,1641,Salvador,BA
874,40020-672,40020672,Rua das Flores,4367,Salvador,BA
875,01310-782,01310782,Rua das Flores,9433,Sao Paulo,SP
876,50050-363,50050363,Rua das Flores,2886,Recife,PE
877,40020-606,40020606,Av. Brasil,5879,Salvador,BA
878,01310-720,01310720,Av. Brasil,9301,Sao Paulo,SP
879,30130-576,30130576,Rua das Flores,8065,Belo Horizonte,MG
880,80010-179,80010179,Rua XV,622,Curitiba,PR
881,22640-057,22640057,Rua das Flores,9858,Rio de Janeiro,RJ
882,40020-020,40020020,Rua XV,12,Salvador,BA
883,90010-939,90010939,Rua das Flores,2138,Porto Alegre,RS
884,90010-734,90010734,Rua das Flores,5302,Porto Alegre,RS
885,01310-022,01310022,Rua das Flores,9612,Sao Paulo,SP
886,30130-792,30130792,Av. Principal,8623,Belo Horizonte,MG
887,90010-983,90010983,Av. Principal,6121,Porto Alegre,RS
888,50050-600,50050600,Av. Principal,5515,Recife,PE
889,80010-330,80010330,Rua das Flores,2581,Curitiba,PR
890,50050-810,50050810,Rua XV,5199,Recife,PE
891,30130-724,30130724,Av. Brasil,3658,Belo Horizonte,MG
892,30130-387,30130387,Av. Brasil,4826,Belo Horizonte,MG
893,30130-181,30130181,Av. Principal,9386,Belo Horizonte,MG
894,50050-871,50050871,Av. Principal,2984,Recife,PE
895,90010-943,90010943,Rua das Flores,9266,Porto Alegre,RS
896,22640-959,22640959,Rua XV,2305,Rio de Janeiro,RJ
897,90010-763,90010763,Av. Principal,3900,Porto Alegre,RS
898,90010-327,90010327,Rua das Flores,1454,Porto Alegre,RS
899,90010-457,90010457,Av. Principal,4346,Porto Alegre,RS
900,40020-255,40020255,Av. Principal,5743,Salvador,BA
901,80010-805,80010805,Av. Principal,21,Curitiba,PR
902,01310-395,01310395,Rua XV,6876,Sao Paulo,SP
903,30130-905,30130905,Rua XV,8079,Belo Horizonte,MG
904,50050-359,50050359,Rua XV,1662,Recife,PE
905,60110-807,60110807,Rua das Flores,2665,Fortaleza,CE
906,60110-075,60110075,Av. Principal,4832,Fortaleza,CE
907,01310-326,01310326,Av. Brasil,1716,Sao Paulo,SP
908,22640-350,22640350,Rua das Flores,6152,Rio de Janeiro,RJ
909,30130-749,30130749,Av. Principal,8963,Belo Horizonte,MG
910,22640-346,22640346,Rua XV,508,Rio de Janeiro,RJ
911,50050-965,50050965,Rua das Flores,9951,Recife,PE
912,50050-160,50050160,Av. Principal,1660,Recife,PE
913,90010-210,90010210,Rua das Flores,6706,Porto Alegre,RS
914,80010-676,80010676,Av. Brasil,4873,Curitiba,PR
915,40020-098,40020098,Av. Principal,6438,Salvador,BA
916,60110-157,60110157,Av. Principal,5912,Fortaleza,CE
917,01310-437,01310437,Av. Principal,4826,Sao Paulo,SP
918,60110-204,60110204,Av. Principal,422,Fortaleza,CE
919,40020-174,40020174,Av. Brasil,1343,Salvador,BA
920,60110-864,60110864,Av. Principal,5053,Fortaleza,CE
921,50050-482,50050482,Rua XV,4342,Recife,PE
922,22640-657,22640657,Rua XV,3030,Rio de Janeiro,RJ
923,90010-906,90010906,Rua XV,6053,Porto Alegre,RS
924,30130-456,30130456,Av. Principal,4314,Belo Horizonte,MG
925,60110-476,60110476,Av. Brasil,3707,Fortaleza,CE
926,80010-577,80010577,Av. Principal,2477,Curitiba,PR
927,22640-087,22640087,Av. Brasil,8872,Rio de Janeiro,RJ
928,50050-994,50050994,Rua das Flores,9071,Recife,PE
929,01310-860,01310860,Rua XV,8562,Sao Paulo,SP
930,50050-988,50050988,Rua XV,9384,Recife,PE
931,40020-487,40020487,Av. Brasil,1294,Salvador,BA
932,50050-924,50050924,Av. Principal,8227,Recife,PE
933,30130-123,30130123,Rua XV,2833,Belo Horizonte,MG
934,30130-995,30130995,Rua das Flores,3158,Belo Horizonte,MG
935,30130-043,30130043,Rua XV,1284,Belo Horizonte,MG
936,50050-206,50050206,Rua das Flores,9750,Recife,PE
937,80010-327,80010327,Av. Principal,1426,Curitiba,PR
938,50050-569,50050569,Rua XV,9045,Recife,PE
939,90010-877,90010877,Av. Brasil,8515,Porto Alegre,RS
940,60110-939,60110939,Av. Principal,9627,Fortaleza,CE
941,50050-115,50050115,Rua XV,2452,Recife,PE
942,30130-580,30130580,Av. Principal,1731,Belo Horizonte,MG
943,22640-804,22640804,Av. Brasil,8776,Rio de Janeiro,RJ
944,90010-898,90010898,Rua XV,4328,Porto Alegre,RS
945,50050-670,50050670,Rua XV,9373,Recife,PE
946,60110-038,60110038,Rua das Flores,4513,Fortaleza,CE
947,50050-147,50050147,Rua XV,636,Recife,PE
948,50050-910,50050910,Av. Brasil,3893,Recife,PE
949,01310-763,01310763,Rua XV,4401,Sao Paulo,SP
950,90010-020,90010020,Av. Brasil,4966,Porto Alegre,RS
951,80010-287,80010287,Rua XV,1610,Curitiba,PR
952,40020-137,40020137,Av. Brasil,7260,Salvador,BA
953,90010-275,90010275,Rua XV,9912,Porto Alegre,RS
954,22640-192,22640192,Rua XV,3464,Rio de Janeiro,RJ
955,50050-758,50050758,Rua XV,8463,Recife,PE
956,90010-840,90010840,Av. Principal,8443,Porto Alegre,RS
957,30130-067,30130067,Av. Brasil,8304,Belo Horizonte,MG
958,50050-138,50050138,Av. Principal,2847,Recife,PE
959,40020-896,40020896,Rua das Flores,945,Salvador,BA
960,40020-033,40020033,Rua XV,829,Salvador,BA
961,90010-721,90010721,Rua das Flores,4489,Porto Alegre,RS
962,90010-843,90010843,Rua XV,8276,Porto Alegre,RS
963,50050-650,50050650,Av. Principal,501,Recife,PE
964,40020-381,40020381,Rua XV,9733,Salvador,BA
965,60110-181,60110181,Rua XV,9616,Fortaleza,CE
966,90010-352,90010352,Rua das Flores,4238,Porto Alegre,RS
967,22640-291,22640291,Av. Principal,6334,Rio de Janeiro,RJ
968,01310-166,01310166,Rua das Flores,3627,Sao Paulo,SP
969,40020-693,40020693,Rua das Flores,4409,Salvador,BA
970,50050-525,50050525,Av. Principal,146,Recife,PE
971,60110-933,60110933,Rua das Flores,2838,Fortaleza,CE
972,01310-229,01310229,Av. Brasil,9968,Sao Paulo,SP
973,80010-729,80010729,Av. Brasil,6944,Curitiba,PR
974,50050-872,50050872,Av. Brasil,7521,Recife,PE
975,80010-223,80010223,Rua XV,4951,Curitiba,PR
976,50050-598,50050598,Av. Principal,121,Recife,PE
977,90010-574,90010574,Av. Brasil,4891,Porto Alegre,RS
978,22640-493,22640493,Av. Principal,5510,Rio de Janeiro,RJ
979,80010-655,80010655,Av. Brasil,4537,Curitiba,PR
980,80010-671,80010671,Av. Brasil,3087,Curitiba,PR
981,30130-529,30130529,Rua das Flores,931,Belo Horizonte,MG
982,50050-676,50050676,Av. Brasil,2293,Recife,PE
983,01310-671,01310671,Rua XV,4844,Sao Paulo,SP
984,80010-928,80010928,Rua XV,6629,Curitiba,PR
985,50050-754,50050754,Av. Principal,9553,Recife,PE
986,40020-351,40020351,Rua das Flores,8760,Salvador,BA
987,60110-928,60110928,Av. Brasil,8312,Fortaleza,CE
988,80010-865,80010865,Rua das Flores,9147,Curitiba,PR
989,30130-300,30130300,Av. Principal,7714,Belo Horizonte,MG
990,30130-758,30130758,Av. Brasil,9160,Belo Horizonte,MG
991,30130-969,30130969,Av. Brasil,1464,Belo Horizonte,MG
992,40020-363,40020363,Rua das Flores,5032,Salvador,BA
993,50050-807,50050807,Av. Brasil,6090,Recife,PE
994,80010-599,80010599,Av. Brasil,7599,Curitiba,PR
995,22640-481,22640481,Av. Principal,9562,Rio de Janeiro,RJ
996,22640-483,22640483,Rua das Flores,8200,Rio de Janeiro,RJ
997,22640-888,22640888,Rua XV,8681,Rio de Janeiro,RJ
998,80010-423,80010423,Av. Principal,2471,Curitiba,PR
999,30130-205,30130205,Av. Brasil,6705,Belo Horizonte,MG
1000,60110-146,60110146,Av. Brasil,2955,Fortaleza,CE
