id,nome_simples,sku,com_marca_modelo,categoria
1,Caderno,PRD-2026-00001,Marca5 Caderno Azul,Roupas
2,Regua,PRD-2026-00002,Marca2 Regua Vermelha,Papelaria
3,Grampeador,PRD-2026-00003,Marca1 Grampeador Verde,Papelaria
4,Caderno,PRD-2026-00004,Marca4 Caderno Vermelha,Papelaria
5,Estojo,PRD-2026-00005,Marca9 Estojo Vermelha,Casa
6,Regua,PRD-2026-00006,Marca10 Regua Verde,Eletronicos
7,Caneta,PRD-2026-00007,Marca7 Caneta Vermelha,Eletronicos
8,Borracha,PRD-2026-00008,Marca4 Borracha Vermelha,Eletronicos
9,Caderno,PRD-2026-00009,Marca7 Caderno Azul,Papelaria
10,Mochila,PRD-2026-00010,Marca10 Mochila Preta,Eletronicos
11,Caneta,PRD-2026-00011,Marca9 Caneta Verde,Papelaria
12,Apontador,PRD-2026-00012,Marca9 Apontador Azul,Eletronicos
13,Grampeador,PRD-2026-00013,Marca10 Grampeador Preta,Roupas
14,Caderno,PRD-2026-00014,Marca4 Caderno Azul,Eletronicos
15,Caderno,PRD-2026-00015,Marca2 Caderno Vermelha,Casa
16,Borracha,PRD-2026-00016,Marca6 Borracha Verde,Roupas
17,Mochila,PRD-2026-00017,Marca4 Mochila Preta,Eletronicos
18,Caderno,PRD-2026-00018,Marca3 Caderno Branca,Roupas
19,Lapis,PRD-2026-00019,Marca7 Lapis Verde,Eletronicos
20,Estojo,PRD-2026-00020,Marca6 Estojo Vermelha,Papelaria
21,Regua,PRD-2026-00021,Marca6 Regua Azul,Casa
22,Borracha,PRD-2026-00022,Marca4 Borracha Azul,Eletronicos
23,Regua,PRD-2026-00023,Marca7 Regua Verde,Casa
24,Lapis,PRD-2026-00024,Marca3 Lapis Preta,Roupas
25,Estojo,PRD-2026-00025,Marca5 Estojo Branca,Casa
26,Grampeador,PRD-2026-00026,Marca6 Grampeador Verde,Roupas
27,Lapis,PRD-2026-00027,Marca8 Lapis Branca,Papelaria
28,Caneta,PRD-2026-00028,Marca3 Caneta Azul,Roupas
29,Apontador,PRD-2026-00029,Marca2 Apontador Branca,Casa
30,Apontador,PRD-2026-00030,Marca8 Apontador Branca,Eletronicos
31,Estojo,PRD-2026-00031,Marca2 Estojo Azul,Eletronicos
32,Mochila,PRD-2026-00032,Marca5 Mochila Azul,Casa
33,Lapis,PRD-2026-00033,Marca1 Lapis Verde,Eletronicos
34,Estojo,PRD-2026-00034,Marca9 Estojo Vermelha,Papelaria
35,Borracha,PRD-2026-00035,Marca10 Borracha Branca,Roupas
36,Lapis,PRD-2026-00036,Marca3 Lapis Preta,Papelaria
37,Grampeador,PRD-2026-00037,Marca8 Grampeador Preta,Papelaria
38,Caderno,PRD-2026-00038,Marca5 Caderno Preta,Roupas
39,Caneta,PRD-2026-00039,Marca10 Caneta Vermelha,Papelaria
40,Caderno,PRD-2026-00040,Marca2 Caderno Verde,Roupas
41,Lapis,PRD-2026-00041,Marca9 Lapis Verde,Roupas
42,Borracha,PRD-2026-00042,Marca10 Borracha Branca,Casa
43,Regua,PRD-2026-00043,Marca4 Regua Branca,Eletronicos
44,Apontador,PRD-2026-00044,Marca8 Apontador Preta,Casa
45,Caderno,PRD-2026-00045,Marca4 Caderno Vermelha,Papelaria
46,Mochila,PRD-2026-00046,Marca10 Mochila Azul,Roupas
47,Grampeador,PRD-2026-00047,Marca1 Grampeador Vermelha,Papelaria
48,Caneta,PRD-2026-00048,Marca2 Caneta Vermelha,Papelaria
49,Mochila,PRD-2026-00049,Marca9 Mochila Azul,Roupas
50,Borracha,PRD-2026-00050,Marca4 Borracha Verde,Roupas
51,Grampeador,PRD-2026-00051,Marca8 Grampeador Branca,Roupas
52,Marcador,PRD-2026-00052,Marca4 Marcador Verde,Papelaria
53,Caderno,PRD-2026-00053,Marca6 Caderno Verde,Casa
54,Apontador,PRD-2026-00054,Marca1 Apontador Verde,Papelaria
55,Caneta,PRD-2026-00055,Marca6 Caneta Verde,Papelaria
56,Regua,PRD-2026-00056,Marca4 Regua Vermelha,Casa
57,Lapis,PRD-2026-00057,Marca3 Lapis Verde,Eletronicos
58,Marcador,PRD-2026-00058,Marca2 Marcador Vermelha,Casa
59,Estojo,PRD-2026-00059,Marca1 Estojo Azul,Papelaria
60,Caderno,PRD-2026-00060,Marca3 Caderno Vermelha,Casa
61,Marcador,PRD-2026-00061,Marca4 Marcador Verde,Casa
62,Caneta,PRD-2026-00062,Marca7 Caneta Vermelha,Papelaria
63,Apontador,PRD-2026-00063,Marca8 Apontador Preta,Eletronicos
64,Apontador,PRD-2026-00064,Marca8 Apontador Branca,Roupas
65,Regua,PRD-2026-00065,Marca4 Regua Preta,Papelaria
66,Grampeador,PRD-2026-00066,Marca1 Grampeador Branca,Eletronicos
67,Caneta,PRD-2026-00067,Marca10 Caneta Azul,Casa
68,Estojo,PRD-2026-00068,Marca3 Estojo Branca,Papelaria
69,Estojo,PRD-2026-00069,Marca3 Estojo Azul,Papelaria
70,Grampeador,PRD-2026-00070,Marca4 Grampeador Azul,Casa
71,Caderno,PRD-2026-00071,Marca4 Caderno Branca,Papelaria
72,Grampeador,PRD-2026-00072,Marca7 Grampeador Azul,Eletronicos
73,Borracha,PRD-2026-00073,Marca6 Borracha Vermelha,Roupas
74,Borracha,PRD-2026-00074,Marca3 Borracha Verde,Eletronicos
75,Marcador,PRD-2026-00075,Marca2 Marcador Preta,Papelaria
76,Marcador,PRD-2026-00076,Marca10 Marcador Branca,Papelaria
77,Caderno,PRD-2026-00077,Marca4 Caderno Branca,Eletronicos
78,Lapis,PRD-2026-00078,Marca2 Lapis Preta,Roupas
79,Mochila,PRD-2026-00079,Marca3 Mochila Preta,Casa
80,Estojo,PRD-2026-00080,Marca10 Estojo Preta,Papelaria
81,Estojo,PRD-2026-00081,Marca2 Estojo Preta,Roupas
82,Borracha,PRD-2026-00082,Marca2 Borracha Azul,Roupas
83,Borracha,PRD-2026-00083,Marca10 Borracha Preta,Roupas
84,Mochila,PRD-2026-00084,Marca5 Mochila Vermelha,Casa
85,Borracha,PRD-2026-00085,Marca2 Borracha Azul,Casa
86,Borracha,PRD-2026-00086,Marca1 Borracha Azul,Eletronicos
87,Lapis,PRD-2026-00087,Marca3 Lapis Preta,Casa
88,Estojo,PRD-2026-00088,Marca9 Estojo Verde,Papelaria
89,Caderno,PRD-2026-00089,Marca3 Caderno Azul,Papelaria
90,Mochila,PRD-2026-00090,Marca9 Mochila Branca,Roupas
91,Apontador,PRD-2026-00091,Marca1 Apontador Vermelha,Eletronicos
92,Mochila,PRD-2026-00092,Marca6 Mochila Azul,Roupas
93,Regua,PRD-2026-00093,Marca6 Regua Azul,Casa
94,Grampeador,PRD-2026-00094,Marca4 Grampeador Vermelha,Roupas
95,Lapis,PRD-2026-00095,Marca1 Lapis Verde,Roupas
96,Mochila,PRD-2026-00096,Marca4 Mochila Verde,Eletronicos
97,Lapis,PRD-2026-00097,Marca7 Lapis Azul,Papelaria
98,Marcador,PRD-2026-00098,Marca4 Marcador Vermelha,Casa
99,Mochila,PRD-2026-00099,Marca4 Mochila Preta,Roupas
100,Caneta,PRD-2026-00100,Marca7 Caneta Vermelha,Eletronicos
101,Borracha,PRD-2026-00101,Marca5 Borracha Azul,Eletronicos
102,Estojo,PRD-2026-00102,Marca9 Estojo Verde,Eletronicos
103,Caneta,PRD-2026-00103,Marca5 Caneta Azul,Roupas
104,Grampeador,PRD-2026-00104,Marca1 Grampeador Preta,Papelaria
105,Grampeador,PRD-2026-00105,Marca6 Grampeador Verde,Eletronicos
106,Apontador,PRD-2026-00106,Marca9 Apontador Branca,Papelaria
107,Apontador,PRD-2026-00107,Marca4 Apontador Branca,Eletronicos
108,Caneta,PRD-2026-00108,Marca1 Caneta Verde,Roupas
109,Mochila,PRD-2026-00109,Marca2 Mochila Verde,Eletronicos
110,Grampeador,PRD-2026-00110,Marca2 Grampeador Preta,Eletronicos
111,Estojo,PRD-2026-00111,Marca7 Estojo Preta,Eletronicos
112,Apontador,PRD-2026-00112,Marca9 Apontador Preta,Roupas
113,Regua,PRD-2026-00113,Marca7 Regua Verde,Roupas
114,Grampeador,PRD-2026-00114,Marca5 Grampeador Branca,Casa
115,Estojo,PRD-2026-00115,Marca5 Estojo Azul,Eletronicos
116,Regua,PRD-2026-00116,Marca10 Regua Verde,Eletronicos
117,Marcador,PRD-2026-00117,Marca8 Marcador Verde,Roupas
118,Estojo,PRD-2026-00118,Marca3 Estojo Verde,Papelaria
119,Borracha,PRD-2026-00119,Marca10 Borracha Branca,Eletronicos
120,Caderno,PRD-2026-00120,Marca5 Caderno Vermelha,Roupas
121,Regua,PRD-2026-00121,Marca1 Regua Vermelha,Papelaria
122,Regua,PRD-2026-00122,Marca10 Regua Verde,Papelaria
123,Marcador,PRD-2026-00123,Marca10 Marcador Verde,Roupas
124,Apontador,PRD-2026-00124,Marca7 Apontador Verde,Roupas
125,Lapis,PRD-2026-00125,Marca2 Lapis Azul,Casa
126,Regua,PRD-2026-00126,Marca9 Regua Vermelha,Casa
127,Caneta,PRD-2026-00127,Marca4 Caneta Branca,Papelaria
128,Marcador,PRD-2026-00128,Marca8 Marcador Vermelha,Eletronicos
129,Marcador,PRD-2026-00129,Marca9 Marcador Branca,Casa
130,Estojo,PRD-2026-00130,Marca3 Estojo Verde,Casa
131,Marcador,PRD-2026-00131,Marca4 Marcador Preta,Eletronicos
132,Estojo,PRD-2026-00132,Marca4 Estojo Verde,Eletronicos
133,Marcador,PRD-2026-00133,Marca5 Marcador Azul,Roupas
134,Borracha,PRD-2026-00134,Marca6 Borracha Preta,Papelaria
135,Lapis,PRD-2026-00135,Marca4 Lapis Vermelha,Casa
136,Lapis,PRD-2026-00136,Marca2 Lapis Vermelha,Casa
137,Apontador,PRD-2026-00137,Marca9 Apontador Preta,Casa
138,Apontador,PRD-2026-00138,Marca4 Apontador Azul,Casa
139,Apontador,PRD-2026-00139,Marca1 Apontador Branca,Casa
140,Marcador,PRD-2026-00140,Marca6 Marcador Azul,Eletronicos
141,Apontador,PRD-2026-00141,Marca9 Apontador Verde,Roupas
142,Marcador,PRD-2026-00142,Marca5 Marcador Vermelha,Casa
143,Marcador,PRD-2026-00143,Marca7 Marcador Azul,Eletronicos
144,Apontador,PRD-2026-00144,Marca8 Apontador Vermelha,Roupas
145,Grampeador,PRD-2026-00145,Marca1 Grampeador Branca,Casa
146,Grampeador,PRD-2026-00146,Marca1 Grampeador Branca,Papelaria
147,Apontador,PRD-2026-00147,Marca8 Apontador Vermelha,Roupas
148,Caneta,PRD-2026-00148,Marca7 Caneta Preta,Eletronicos
149,Regua,PRD-2026-00149,Marca6 Regua Verde,Eletronicos
150,Apontador,PRD-2026-00150,Marca7 Apontador Preta,Eletronicos
151,Caderno,PRD-2026-00151,Marca1 Caderno Verde,Papelaria
152,Mochila,PRD-2026-00152,Marca2 Mochila Vermelha,Papelaria
153,Caneta,PRD-2026-00153,Marca4 Caneta Vermelha,Papelaria
154,Grampeador,PRD-2026-00154,Marca4 Grampeador Vermelha,Roupas
155,Marcador,PRD-2026-00155,Marca10 Marcador Azul,Roupas
156,Marcador,PRD-2026-00156,Marca6 Marcador Preta,Roupas
157,Grampeador,PRD-2026-00157,Marca2 Grampeador Branca,Roupas
158,Borracha,PRD-2026-00158,Marca10 Borracha Azul,Papelaria
159,Borracha,PRD-2026-00159,Marca7 Borracha Branca,Casa
160,Regua,PRD-2026-00160,Marca10 Regua Azul,Roupas
161,Caderno,PRD-2026-00161,Marca10 Caderno Preta,Papelaria
162,Grampeador,PRD-2026-00162,Marca6 Grampeador Azul,Casa
163,Mochila,PRD-2026-00163,Marca9 Mochila Azul,Eletronicos
164,Caneta,PRD-2026-00164,Marca8 Caneta Verde,Papelaria
165,Apontador,PRD-2026-00165,Marca8 Apontador Preta,Roupas
166,Apontador,PRD-2026-00166,Marca9 Apontador Vermelha,Eletronicos
167,Grampeador,PRD-2026-00167,Marca8 Grampeador Branca,Casa
168,Apontador,PRD-2026-00168,Marca5 Apontador Branca,Eletronicos
169,Regua,PRD-2026-00169,Marca5 Regua Azul,Casa
170,Regua,PRD-2026-00170,Marca10 Regua Verde,Casa
171,Mochila,PRD-2026-00171,Marca8 Mochila Azul,Eletronicos
172,Lapis,PRD-2026-00172,Marca4 Lapis Verde,Eletronicos
173,Borracha,PRD-2026-00173,Marca5 Borracha Preta,Eletronicos
174,Estojo,PRD-2026-00174,Marca9 Estojo Azul,Roupas
175,Caderno,PRD-2026-00175,Marca7 Caderno Vermelha,Casa
176,Estojo,PRD-2026-00176,Marca8 Estojo Vermelha,Casa
177,Marcador,PRD-2026-00177,Marca2 Marcador Azul,Eletronicos
178,Regua,PRD-2026-00178,Marca4 Regua Verde,Eletronicos
179,Grampeador,PRD-2026-00179,Marca8 Grampeador Preta,Eletronicos
180,Apontador,PRD-2026-00180,Marca6 Apontador Branca,Eletronicos
181,Marcador,PRD-2026-00181,Marca5 Marcador Preta,Eletronicos
182,Regua,PRD-2026-00182,Marca4 Regua Azul,Eletronicos
183,Caderno,PRD-2026-00183,Marca3 Caderno Branca,Roupas
184,Regua,PRD-2026-00184,Marca5 Regua Verde,Eletronicos
185,Caderno,PRD-2026-00185,Marca5 Caderno Vermelha,Roupas
186,Mochila,PRD-2026-00186,Marca5 Mochila Vermelha,Papelaria
187,Estojo,PRD-2026-00187,Marca5 Estojo Vermelha,Papelaria
188,Caneta,PRD-2026-00188,Marca5 Caneta Branca,Roupas
189,Marcador,PRD-2026-00189,Marca1 Marcador Azul,Eletronicos
190,Marcador,PRD-2026-00190,Marca8 Marcador Verde,Eletronicos
191,Lapis,PRD-2026-00191,Marca5 Lapis Azul,Casa
192,Caderno,PRD-2026-00192,Marca7 Caderno Azul,Casa
193,Caderno,PRD-2026-00193,Marca1 Caderno Branca,Roupas
194,Lapis,PRD-2026-00194,Marca5 Lapis Branca,Papelaria
195,Regua,PRD-2026-00195,Marca9 Regua Azul,Casa
196,Grampeador,PRD-2026-00196,Marca10 Grampeador Branca,Roupas
197,Estojo,PRD-2026-00197,Marca8 Estojo Verde,Casa
198,Borracha,PRD-2026-00198,Marca7 Borracha Branca,Eletronicos
199,Grampeador,PRD-2026-00199,Marca1 Grampeador Branca,Papelaria
200,Regua,PRD-2026-00200,Marca5 Regua Vermelha,Papelaria
201,Lapis,PRD-2026-00201,Marca3 Lapis Vermelha,Papelaria
202,Lapis,PRD-2026-00202,Marca7 Lapis Azul,Casa
203,Grampeador,PRD-2026-00203,Marca5 Grampeador Verde,Papelaria
204,Regua,PRD-2026-00204,Marca5 Regua Preta,Casa
205,Caderno,PRD-2026-00205,Marca5 Caderno Vermelha,Roupas
206,Apontador,PRD-2026-00206,Marca9 Apontador Azul,Roupas
207,Lapis,PRD-2026-00207,Marca3 Lapis Preta,Papelaria
208,Caneta,PRD-2026-00208,Marca5 Caneta Vermelha,Eletronicos
209,Marcador,PRD-2026-00209,Marca8 Marcador Azul,Eletronicos
210,Apontador,PRD-2026-00210,Marca9 Apontador Preta,Casa
211,Marcador,PRD-2026-00211,Marca10 Marcador Azul,Papelaria
212,Apontador,PRD-2026-00212,Marca10 Apontador Preta,Eletronicos
213,Caneta,PRD-2026-00213,Marca4 Caneta Azul,Papelaria
214,Borracha,PRD-2026-00214,Marca1 Borracha Branca,Roupas
215,Marcador,PRD-2026-00215,Marca8 Marcador Branca,Eletronicos
216,Lapis,PRD-2026-00216,Marca7 Lapis Branca,Casa
217,Caderno,PRD-2026-00217,Marca6 Caderno Verde,Casa
218,Mochila,PRD-2026-00218,Marca2 Mochila Preta,Roupas
219,Mochila,PRD-2026-00219,Marca8 Mochila Verde,Eletronicos
220,Apontador,PRD-2026-00220,Marca1 Apontador Branca,Casa
221,Caderno,PRD-2026-00221,Marca5 Caderno Preta,Eletronicos
222,Caderno,PRD-2026-00222,Marca9 Caderno Verde,Papelaria
223,Estojo,PRD-2026-00223,Marca7 Estojo Verde,Papelaria
224,Regua,PRD-2026-00224,Marca6 Regua Branca,Casa
225,Marcador,PRD-2026-00225,Marca4 Marcador Azul,Eletronicos
226,Estojo,PRD-2026-00226,Marca5 Estojo Vermelha,Casa
227,Marcador,PRD-2026-00227,Marca1 Marcador Azul,Roupas
228,Lapis,PRD-2026-00228,Marca9 Lapis Preta,Papelaria
229,Estojo,PRD-2026-00229,Marca2 Estojo Verde,Roupas
230,Caderno,PRD-2026-00230,Marca2 Caderno Verde,Roupas
231,Marcador,PRD-2026-00231,Marca9 Marcador Preta,Eletronicos
232,Apontador,PRD-2026-00232,Marca8 Apontador Verde,Roupas
233,Marcador,PRD-2026-00233,Marca3 Marcador Branca,Casa
234,Regua,PRD-2026-00234,Marca9 Regua Branca,Roupas
235,Caderno,PRD-2026-00235,Marca7 Caderno Preta,Eletronicos
236,Estojo,PRD-2026-00236,Marca1 Estojo Preta,Eletronicos
237,Borracha,PRD-2026-00237,Marca10 Borracha Branca,Casa
238,Lapis,PRD-2026-00238,Marca9 Lapis Verde,Casa
239,Mochila,PRD-2026-00239,Marca9 Mochila Preta,Casa
240,Marcador,PRD-2026-00240,Marca4 Marcador Preta,Roupas
241,Grampeador,PRD-2026-00241,Marca4 Grampeador Verde,Casa
242,Caneta,PRD-2026-00242,Marca8 Caneta Preta,Casa
243,Apontador,PRD-2026-00243,Marca8 Apontador Vermelha,Papelaria
244,Lapis,PRD-2026-00244,Marca10 Lapis Branca,Eletronicos
245,Caderno,PRD-2026-00245,Marca2 Caderno Verde,Casa
246,Caneta,PRD-2026-00246,Marca7 Caneta Vermelha,Roupas
247,Caderno,PRD-2026-00247,Marca5 Caderno Verde,Eletronicos
248,Grampeador,PRD-2026-00248,Marca2 Grampeador Verde,Eletronicos
249,Estojo,PRD-2026-00249,Marca6 Estojo Verde,Casa
250,Estojo,PRD-2026-00250,Marca10 Estojo Azul,Papelaria
251,Regua,PRD-2026-00251,Marca4 Regua Preta,Papelaria
252,Apontador,PRD-2026-00252,Marca2 Apontador Azul,Casa
253,Lapis,PRD-2026-00253,Marca1 Lapis Preta,Papelaria
254,Mochila,PRD-2026-00254,Marca5 Mochila Azul,Eletronicos
255,Mochila,PRD-2026-00255,Marca3 Mochila Verde,Roupas
256,Estojo,PRD-2026-00256,Marca10 Estojo Verde,Roupas
257,Lapis,PRD-2026-00257,Marca2 Lapis Vermelha,Casa
258,Grampeador,PRD-2026-00258,Marca8 Grampeador Vermelha,Roupas
259,Regua,PRD-2026-00259,Marca5 Regua Verde,Casa
260,Borracha,PRD-2026-00260,Marca8 Borracha Azul,Eletronicos
261,Estojo,PRD-2026-00261,Marca2 Estojo Vermelha,Casa
262,Mochila,PRD-2026-00262,Marca5 Mochila Branca,Casa
263,Borracha,PRD-2026-00263,Marca5 Borracha Verde,Roupas
264,Apontador,PRD-2026-00264,Marca2 Apontador Verde,Roupas
265,Apontador,PRD-2026-00265,Marca6 Apontador Branca,Eletronicos
266,Borracha,PRD-2026-00266,Marca7 Borracha Azul,Eletronicos
267,Caneta,PRD-2026-00267,Marca1 Caneta Branca,Casa
268,Borracha,PRD-2026-00268,Marca10 Borracha Vermelha,Eletronicos
269,Regua,PRD-2026-00269,Marca10 Regua Vermelha,Eletronicos
270,Lapis,PRD-2026-00270,Marca1 Lapis Azul,Eletronicos
271,Marcador,PRD-2026-00271,Marca10 Marcador Azul,Eletronicos
272,Lapis,PRD-2026-00272,Marca5 Lapis Azul,Eletronicos
273,Apontador,PRD-2026-00273,Marca4 Apontador Vermelha,Roupas
274,Estojo,PRD-2026-00274,Marca9 Estojo Preta,Eletronicos
275,Lapis,PRD-2026-00275,Marca8 Lapis Preta,Eletronicos
276,Mochila,PRD-2026-00276,Marca8 Mochila Azul,Papelaria
277,Lapis,PRD-2026-00277,Marca7 Lapis Vermelha,Eletronicos
278,Caderno,PRD-2026-00278,Marca1 Caderno Verde,Eletronicos
279,Estojo,PRD-2026-00279,Marca8 Estojo Azul,Eletronicos
280,Borracha,PRD-2026-00280,Marca7 Borracha Branca,Eletronicos
281,Caderno,PRD-2026-00281,Marca8 Caderno Vermelha,Papelaria
282,Grampeador,PRD-2026-00282,Marca6 Grampeador Branca,Roupas
283,Caderno,PRD-2026-00283,Marca5 Caderno Verde,Casa
284,Caderno,PRD-2026-00284,Marca1 Caderno Vermelha,Papelaria
285,Borracha,PRD-2026-00285,Marca2 Borracha Verde,Papelaria
286,Regua,PRD-2026-00286,Marca3 Regua Branca,Casa
287,Marcador,PRD-2026-00287,Marca9 Marcador Preta,Casa
288,Grampeador,PRD-2026-00288,Marca7 Grampeador Vermelha,Papelaria
289,Marcador,PRD-2026-00289,Marca7 Marcador Branca,Eletronicos
290,Caneta,PRD-2026-00290,Marca4 Caneta Preta,Casa
291,Marcador,PRD-2026-00291,Marca6 Marcador Vermelha,Papelaria
292,Mochila,PRD-2026-00292,Marca6 Mochila Branca,Papelaria
293,Apontador,PRD-2026-00293,Marca4 Apontador Preta,Papelaria
294,Marcador,PRD-2026-00294,Marca4 Marcador Azul,Papelaria
295,Caneta,PRD-2026-00295,Marca4 Caneta Preta,Roupas
296,Grampeador,PRD-2026-00296,Marca2 Grampeador Vermelha,Roupas
297,Grampeador,PRD-2026-00297,Marca4 Grampeador Vermelha,Eletronicos
298,Lapis,PRD-2026-00298,Marca1 Lapis Branca,Eletronicos
299,Lapis,PRD-2026-00299,Marca9 Lapis Vermelha,Eletronicos
300,Lapis,PRD-2026-00300,Marca1 Lapis Azul,Roupas
301,Caneta,PRD-2026-00301,Marca4 Caneta Preta,Eletronicos
302,Caneta,PRD-2026-00302,Marca5 Caneta Vermelha,Papelaria
303,Lapis,PRD-2026-00303,Marca9 Lapis Verde,Papelaria
304,Caderno,PRD-2026-00304,Marca8 Caderno Verde,Eletronicos
305,Estojo,PRD-2026-00305,Marca2 Estojo Branca,Casa
306,Estojo,PRD-2026-00306,Marca10 Estojo Vermelha,Papelaria
307,Estojo,PRD-2026-00307,Marca8 Estojo Preta,Papelaria
308,Caneta,PRD-2026-00308,Marca7 Caneta Verde,Casa
309,Caderno,PRD-2026-00309,Marca8 Caderno Verde,Papelaria
310,Caderno,PRD-2026-00310,Marca10 Caderno Preta,Roupas
311,Caderno,PRD-2026-00311,Marca5 Caderno Vermelha,Eletronicos
312,Apontador,PRD-2026-00312,Marca9 Apontador Branca,Eletronicos
313,Marcador,PRD-2026-00313,Marca10 Marcador Branca,Casa
314,Caderno,PRD-2026-00314,Marca9 Caderno Azul,Roupas
315,Apontador,PRD-2026-00315,Marca4 Apontador Verde,Casa
316,Mochila,PRD-2026-00316,Marca7 Mochila Verde,Casa
317,Caderno,PRD-2026-00317,Marca7 Caderno Preta,Eletronicos
318,Borracha,PRD-2026-00318,Marca3 Borracha Preta,Casa
319,Caderno,PRD-2026-00319,Marca2 Caderno Azul,Papelaria
320,Apontador,PRD-2026-00320,Marca6 Apontador Azul,Roupas
321,Estojo,PRD-2026-00321,Marca10 Estojo Azul,Eletronicos
322,Caderno,PRD-2026-00322,Marca6 Caderno Verde,Casa
323,Caneta,PRD-2026-00323,Marca10 Caneta Preta,Eletronicos
324,Mochila,PRD-2026-00324,Marca10 Mochila Azul,Roupas
325,Lapis,PRD-2026-00325,Marca4 Lapis Verde,Papelaria
326,Mochila,PRD-2026-00326,Marca6 Mochila Branca,Papelaria
327,Borracha,PRD-2026-00327,Marca4 Borracha Branca,Casa
328,Estojo,PRD-2026-00328,Marca10 Estojo Branca,Papelaria
329,Grampeador,PRD-2026-00329,Marca1 Grampeador Preta,Roupas
330,Borracha,PRD-2026-00330,Marca6 Borracha Preta,Eletronicos
331,Caneta,PRD-2026-00331,Marca3 Caneta Vermelha,Casa
332,Caderno,PRD-2026-00332,Marca1 Caderno Vermelha,Papelaria
333,Estojo,PRD-2026-00333,Marca7 Estojo Vermelha,Casa
334,Marcador,PRD-2026-00334,Marca3 Marcador Preta,Eletronicos
335,Borracha,PRD-2026-00335,Marca10 Borracha Preta,Papelaria
336,Caneta,PRD-2026-00336,Marca3 Caneta Vermelha,Papelaria
337,Caderno,PRD-2026-00337,Marca8 Caderno Preta,Casa
338,Marcador,PRD-2026-00338,Marca8 Marcador Branca,Casa
339,Borracha,PRD-2026-00339,Marca9 Borracha Vermelha,Papelaria
340,Mochila,PRD-2026-00340,Marca2 Mochila Verde,Eletronicos
341,Grampeador,PRD-2026-00341,Marca9 Grampeador Verde,Eletronicos
342,Caneta,PRD-2026-00342,Marca7 Caneta Vermelha,Papelaria
343,Caneta,PRD-2026-00343,Marca5 Caneta Vermelha,Roupas
344,Lapis,PRD-2026-00344,Marca5 Lapis Preta,Eletronicos
345,Caderno,PRD-2026-00345,Marca8 Caderno Azul,Casa
346,Lapis,PRD-2026-00346,Marca7 Lapis Vermelha,Roupas
347,Estojo,PRD-2026-00347,Marca6 Estojo Branca,Papelaria
348,Apontador,PRD-2026-00348,Marca7 Apontador Azul,Papelaria
349,Marcador,PRD-2026-00349,Marca6 Marcador Azul,Casa
350,Grampeador,PRD-2026-00350,Marca7 Grampeador Verde,Eletronicos
351,Caderno,PRD-2026-00351,Marca1 Caderno Verde,Eletronicos
352,Lapis,PRD-2026-00352,Marca8 Lapis Branca,Eletronicos
353,Caderno,PRD-2026-00353,Marca2 Caderno Verde,Roupas
354,Apontador,PRD-2026-00354,Marca7 Apontador Branca,Papelaria
355,Apontador,PRD-2026-00355,Marca6 Apontador Preta,Roupas
356,Mochila,PRD-2026-00356,Marca2 Mochila Vermelha,Papelaria
357,Estojo,PRD-2026-00357,Marca4 Estojo Branca,Eletronicos
358,Mochila,PRD-2026-00358,Marca4 Mochila Vermelha,Papelaria
359,Lapis,PRD-2026-00359,Marca4 Lapis Preta,Roupas
360,Grampeador,PRD-2026-00360,Marca2 Grampeador Vermelha,Roupas
361,Marcador,PRD-2026-00361,Marca10 Marcador Verde,Casa
362,Grampeador,PRD-2026-00362,Marca6 Grampeador Branca,Eletronicos
363,Lapis,PRD-2026-00363,Marca2 Lapis Verde,Casa
364,Marcador,PRD-2026-00364,Marca5 Marcador Preta,Papelaria
365,Mochila,PRD-2026-00365,Marca2 Mochila Branca,Eletronicos
366,Marcador,PRD-2026-00366,Marca1 Marcador Verde,Papelaria
367,Mochila,PRD-2026-00367,Marca2 Mochila Preta,Papelaria
368,Grampeador,PRD-2026-00368,Marca9 Grampeador Branca,Casa
369,Marcador,PRD-2026-00369,Marca9 Marcador Branca,Papelaria
370,Marcador,PRD-2026-00370,Marca4 Marcador Branca,Eletronicos
371,Grampeador,PRD-2026-00371,Marca9 Grampeador Verde,Roupas
372,Caneta,PRD-2026-00372,Marca2 Caneta Verde,Eletronicos
373,Caderno,PRD-2026-00373,Marca3 Caderno Branca,Papelaria
374,Regua,PRD-2026-00374,Marca8 Regua Verde,Roupas
375,Mochila,PRD-2026-00375,Marca5 Mochila Preta,Casa
376,Apontador,PRD-2026-00376,Marca10 Apontador Preta,Papelaria
377,Mochila,PRD-2026-00377,Marca6 Mochila Azul,Papelaria
378,Estojo,PRD-2026-00378,Marca5 Estojo Verde,Eletronicos
379,Grampeador,PRD-2026-00379,Marca6 Grampeador Vermelha,Papelaria
380,Grampeador,PRD-2026-00380,Marca6 Grampeador Vermelha,Eletronicos
381,Apontador,PRD-2026-00381,Marca10 Apontador Vermelha,Papelaria
382,Borracha,PRD-2026-00382,Marca7 Borracha Branca,Eletronicos
383,Lapis,PRD-2026-00383,Marca2 Lapis Branca,Casa
384,Estojo,PRD-2026-00384,Marca1 Estojo Preta,Eletronicos
385,Borracha,PRD-2026-00385,Marca4 Borracha Vermelha,Eletronicos
386,Marcador,PRD-2026-00386,Marca4 Marcador Vermelha,Roupas
387,Lapis,PRD-2026-00387,Marca5 Lapis Azul,Papelaria
388,Estojo,PRD-2026-00388,Marca9 Estojo Branca,Papelaria
389,Mochila,PRD-2026-00389,Marca3 Mochila Branca,Casa
390,Lapis,PRD-2026-00390,Marca3 Lapis Vermelha,Roupas
391,Marcador,PRD-2026-00391,Marca7 Marcador Azul,Eletronicos
392,Regua,PRD-2026-00392,Marca10 Regua Verde,Eletronicos
393,Marcador,PRD-2026-00393,Marca9 Marcador Vermelha,Roupas
394,Borracha,PRD-2026-00394,Marca4 Borracha Verde,Eletronicos
395,Grampeador,PRD-2026-00395,Marca8 Grampeador Verde,Eletronicos
396,Apontador,PRD-2026-00396,Marca9 Apontador Branca,Casa
397,Lapis,PRD-2026-00397,Marca10 Lapis Vermelha,Roupas
398,Borracha,PRD-2026-00398,Marca8 Borracha Azul,Eletronicos
399,Estojo,PRD-2026-00399,Marca9 Estojo Azul,Papelaria
400,Borracha,PRD-2026-00400,Marca3 Borracha Azul,Eletronicos
401,Marcador,PRD-2026-00401,Marca3 Marcador Branca,Casa
402,Caderno,PRD-2026-00402,Marca8 Caderno Vermelha,Eletronicos
403,Caneta,PRD-2026-00403,Marca1 Caneta Verde,Casa
404,Estojo,PRD-2026-00404,Marca4 Estojo Preta,Casa
405,Caderno,PRD-2026-00405,Marca4 Caderno Preta,Papelaria
406,Mochila,PRD-2026-00406,Marca6 Mochila Azul,Roupas
407,Lapis,PRD-2026-00407,Marca5 Lapis Azul,Casa
408,Lapis,PRD-2026-00408,Marca8 Lapis Verde,Papelaria
409,Caderno,PRD-2026-00409,Marca5 Caderno Azul,Roupas
410,Lapis,PRD-2026-00410,Marca10 Lapis Branca,Casa
411,Caderno,PRD-2026-00411,Marca4 Caderno Preta,Eletronicos
412,Caderno,PRD-2026-00412,Marca4 Caderno Azul,Casa
413,Grampeador,PRD-2026-00413,Marca2 Grampeador Verde,Papelaria
414,Marcador,PRD-2026-00414,Marca9 Marcador Branca,Papelaria
415,Estojo,PRD-2026-00415,Marca4 Estojo Branca,Roupas
416,Borracha,PRD-2026-00416,Marca1 Borracha Verde,Eletronicos
417,Regua,PRD-2026-00417,Marca7 Regua Branca,Roupas
418,Caderno,PRD-2026-00418,Marca6 Caderno Branca,Papelaria
419,Estojo,PRD-2026-00419,Marca9 Estojo Branca,Papelaria
420,Apontador,PRD-2026-00420,Marca1 Apontador Verde,Casa
421,Mochila,PRD-2026-00421,Marca1 Mochila Preta,Eletronicos
422,Caderno,PRD-2026-00422,Marca4 Caderno Preta,Papelaria
423,Grampeador,PRD-2026-00423,Marca3 Grampeador Preta,Papelaria
424,Mochila,PRD-2026-00424,Marca6 Mochila Branca,Roupas
425,Marcador,PRD-2026-00425,Marca3 Marcador Verde,Roupas
426,Caderno,PRD-2026-00426,Marca1 Caderno Verde,Eletronicos
427,Regua,PRD-2026-00427,Marca4 Regua Azul,Papelaria
428,Mochila,PRD-2026-00428,Marca9 Mochila Preta,Casa
429,Estojo,PRD-2026-00429,Marca5 Estojo Verde,Papelaria
430,Regua,PRD-2026-00430,Marca6 Regua Preta,Papelaria
431,Mochila,PRD-2026-00431,Marca2 Mochila Preta,Eletronicos
432,Apontador,PRD-2026-00432,Marca8 Apontador Verde,Casa
433,Mochila,PRD-2026-00433,Marca8 Mochila Vermelha,Casa
434,Mochila,PRD-2026-00434,Marca5 Mochila Branca,Papelaria
435,Apontador,PRD-2026-00435,Marca7 Apontador Azul,Roupas
436,Estojo,PRD-2026-00436,Marca6 Estojo Preta,Papelaria
437,Caderno,PRD-2026-00437,Marca5 Caderno Preta,Eletronicos
438,Marcador,PRD-2026-00438,Marca7 Marcador Branca,Roupas
439,Marcador,PRD-2026-00439,Marca8 Marcador Preta,Papelaria
440,Mochila,PRD-2026-00440,Marca7 Mochila Branca,Eletronicos
441,Caneta,PRD-2026-00441,Marca7 Caneta Azul,Eletronicos
442,Estojo,PRD-2026-00442,Marca1 Estojo Vermelha,Roupas
443,Grampeador,PRD-2026-00443,Marca1 Grampeador Verde,Roupas
444,Caderno,PRD-2026-00444,Marca6 Caderno Vermelha,Eletronicos
445,Apontador,PRD-2026-00445,Marca1 Apontador Branca,Roupas
446,Marcador,PRD-2026-00446,Marca6 Marcador Preta,Casa
447,Caderno,PRD-2026-00447,Marca3 Caderno Branca,Eletronicos
448,Apontador,PRD-2026-00448,Marca5 Apontador Preta,Roupas
449,Caderno,PRD-2026-00449,Marca3 Caderno Azul,Casa
450,Estojo,PRD-2026-00450,Marca9 Estojo Verde,Papelaria
451,Borracha,PRD-2026-00451,Marca8 Borracha Preta,Roupas
452,Grampeador,PRD-2026-00452,Marca8 Grampeador Preta,Roupas
453,Caderno,PRD-2026-00453,Marca2 Caderno Vermelha,Casa
454,Lapis,PRD-2026-00454,Marca2 Lapis Verde,Eletronicos
455,Mochila,PRD-2026-00455,Marca9 Mochila Azul,Eletronicos
456,Borracha,PRD-2026-00456,Marca3 Borracha Vermelha,Eletronicos
457,Estojo,PRD-2026-00457,Marca2 Estojo Vermelha,Roupas
458,Lapis,PRD-2026-00458,Marca8 Lapis Vermelha,Papelaria
459,Mochila,PRD-2026-00459,Marca10 Mochila Branca,Eletronicos
460,Marcador,PRD-2026-00460,Marca3 Marcador Branca,Papelaria
461,Caderno,PRD-2026-00461,Marca7 Caderno Preta,Casa
462,Estojo,PRD-2026-00462,Marca7 Estojo Verde,Papelaria
463,Lapis,PRD-2026-00463,Marca2 Lapis Preta,Casa
464,Marcador,PRD-2026-00464,Marca6 Marcador Branca,Roupas
465,Estojo,PRD-2026-00465,Marca3 Estojo Branca,Roupas
466,Apontador,PRD-2026-00466,Marca1 Apontador Branca,Papelaria
467,Estojo,PRD-2026-00467,Marca5 Estojo Vermelha,Roupas
468,Lapis,PRD-2026-00468,Marca4 Lapis Preta,Eletronicos
469,Estojo,PRD-2026-00469,Marca2 Estojo Preta,Eletronicos
470,Regua,PRD-2026-00470,Marca5 Regua Branca,Roupas
471,Borracha,PRD-2026-00471,Marca9 Borracha Branca,Papelaria
472,Estojo,PRD-2026-00472,Marca10 Estojo Vermelha,Roupas
473,Lapis,PRD-2026-00473,Marca10 Lapis Branca,Eletronicos
474,Grampeador,PRD-2026-00474,Marca1 Grampeador Azul,Papelaria
475,Caneta,PRD-2026-00475,Marca5 Caneta Branca,Roupas
476,Grampeador,PRD-2026-00476,Marca10 Grampeador Verde,Papelaria
477,Marcador,PRD-2026-00477,Marca5 Marcador Branca,Eletronicos
478,Marcador,PRD-2026-00478,Marca7 Marcador Vermelha,Eletronicos
479,Marcador,PRD-2026-00479,Marca1 Marcador Azul,Roupas
480,Marcador,PRD-2026-00480,Marca8 Marcador Verde,Casa
481,Regua,PRD-2026-00481,Marca10 Regua Preta,Roupas
482,Mochila,PRD-2026-00482,Marca6 Mochila Preta,Casa
483,Lapis,PRD-2026-00483,Marca9 Lapis Preta,Papelaria
484,Mochila,PRD-2026-00484,Marca8 Mochila Vermelha,Papelaria
485,Borracha,PRD-2026-00485,Marca4 Borracha Verde,Roupas
486,Caderno,PRD-2026-00486,Marca5 Caderno Azul,Casa
487,Grampeador,PRD-2026-00487,Marca4 Grampeador Verde,Roupas
488,Mochila,PRD-2026-00488,Marca6 Mochila Branca,Roupas
489,Lapis,PRD-2026-00489,Marca9 Lapis Verde,Casa
490,Marcador,PRD-2026-00490,Marca8 Marcador Preta,Papelaria
491,Caderno,PRD-2026-00491,Marca9 Caderno Verde,Casa
492,Regua,PRD-2026-00492,Marca10 Regua Vermelha,Eletronicos
493,Caneta,PRD-2026-00493,Marca5 Caneta Azul,Casa
494,Grampeador,PRD-2026-00494,Marca5 Grampeador Verde,Papelaria
495,Caderno,PRD-2026-00495,Marca3 Caderno Verde,Eletronicos
496,Mochila,PRD-2026-00496,Marca6 Mochila Verde,Papelaria
497,Apontador,PRD-2026-00497,Marca10 Apontador Azul,Roupas
498,Mochila,PRD-2026-00498,Marca5 Mochila Branca,Papelaria
499,Apontador,PRD-2026-00499,Marca8 Apontador Branca,Eletronicos
500,Grampeador,PRD-2026-00500,Marca2 Grampeador Branca,Roupas
501,Caderno,PRD-2026-00501,Marca6 Caderno Verde,Eletronicos
502,Estojo,PRD-2026-00502,Marca3 Estojo Preta,Roupas
503,Grampeador,PRD-2026-00503,Marca7 Grampeador Branca,Papelaria
504,Caneta,PRD-2026-00504,Marca3 Caneta Azul,Eletronicos
505,Marcador,PRD-2026-00505,Marca8 Marcador Branca,Roupas
506,Grampeador,PRD-2026-00506,Marca3 Grampeador Branca,Eletronicos
507,Grampeador,PRD-2026-00507,Marca3 Grampeador Preta,Casa
508,Grampeador,PRD-2026-00508,Marca10 Grampeador Preta,Eletronicos
509,Estojo,PRD-2026-00509,Marca9 Estojo Branca,Casa
510,Grampeador,PRD-2026-00510,Marca8 Grampeador Preta,Papelaria
511,Mochila,PRD-2026-00511,Marca2 Mochila Preta,Casa
512,Grampeador,PRD-2026-00512,Marca1 Grampeador Preta,Casa
513,Borracha,PRD-2026-00513,Marca10 Borracha Branca,Roupas
514,Caneta,PRD-2026-00514,Marca8 Caneta Branca,Roupas
515,Estojo,PRD-2026-00515,Marca7 Estojo Branca,Roupas
516,Regua,PRD-2026-00516,Marca10 Regua Azul,Papelaria
517,Regua,PRD-2026-00517,Marca8 Regua Azul,Eletronicos
518,Apontador,PRD-2026-00518,Marca7 Apontador Vermelha,Roupas
519,Apontador,PRD-2026-00519,Marca10 Apontador Branca,Casa
520,Caneta,PRD-2026-00520,Marca9 Caneta Vermelha,Roupas
521,Estojo,PRD-2026-00521,Marca8 Estojo Preta,Casa
522,Mochila,PRD-2026-00522,Marca8 Mochila Vermelha,Eletronicos
523,Estojo,PRD-2026-00523,Marca5 Estojo Preta,Casa
524,Regua,PRD-2026-00524,Marca5 Regua Vermelha,Eletronicos
525,Regua,PRD-2026-00525,Marca5 Regua Preta,Roupas
526,Marcador,PRD-2026-00526,Marca8 Marcador Preta,Eletronicos
527,Estojo,PRD-2026-00527,Marca5 Estojo Preta,Papelaria
528,Grampeador,PRD-2026-00528,Marca7 Grampeador Branca,Casa
529,Mochila,PRD-2026-00529,Marca5 Mochila Vermelha,Papelaria
530,Borracha,PRD-2026-00530,Marca6 Borracha Azul,Casa
531,Borracha,PRD-2026-00531,Marca4 Borracha Verde,Roupas
532,Estojo,PRD-2026-00532,Marca9 Estojo Preta,Eletronicos
533,Lapis,PRD-2026-00533,Marca10 Lapis Azul,Roupas
534,Regua,PRD-2026-00534,Marca9 Regua Azul,Roupas
535,Regua,PRD-2026-00535,Marca2 Regua Azul,Casa
536,Mochila,PRD-2026-00536,Marca2 Mochila Verde,Roupas
537,Caneta,PRD-2026-00537,Marca3 Caneta Branca,Casa
538,Marcador,PRD-2026-00538,Marca4 Marcador Verde,Eletronicos
539,Mochila,PRD-2026-00539,Marca1 Mochila Preta,Papelaria
540,Grampeador,PRD-2026-00540,Marca9 Grampeador Vermelha,Papelaria
541,Lapis,PRD-2026-00541,Marca3 Lapis Verde,Papelaria
542,Apontador,PRD-2026-00542,Marca3 Apontador Verde,Eletronicos
543,Caneta,PRD-2026-00543,Marca5 Caneta Azul,Papelaria
544,Mochila,PRD-2026-00544,Marca8 Mochila Preta,Casa
545,Lapis,PRD-2026-00545,Marca8 Lapis Branca,Eletronicos
546,Regua,PRD-2026-00546,Marca6 Regua Azul,Roupas
547,Marcador,PRD-2026-00547,Marca3 Marcador Preta,Papelaria
548,Mochila,PRD-2026-00548,Marca10 Mochila Preta,Roupas
549,Lapis,PRD-2026-00549,Marca7 Lapis Branca,Casa
550,Estojo,PRD-2026-00550,Marca2 Estojo Preta,Casa
551,Caderno,PRD-2026-00551,Marca3 Caderno Vermelha,Casa
552,Mochila,PRD-2026-00552,Marca1 Mochila Vermelha,Eletronicos
553,Apontador,PRD-2026-00553,Marca8 Apontador Vermelha,Eletronicos
554,Mochila,PRD-2026-00554,Marca10 Mochila Preta,Papelaria
555,Borracha,PRD-2026-00555,Marca4 Borracha Preta,Papelaria
556,Caderno,PRD-2026-00556,Marca5 Caderno Verde,Roupas
557,Apontador,PRD-2026-00557,Marca5 Apontador Branca,Papelaria
558,Borracha,PRD-2026-00558,Marca10 Borracha Preta,Roupas
559,Regua,PRD-2026-00559,Marca8 Regua Vermelha,Roupas
560,Marcador,PRD-2026-00560,Marca6 Marcador Branca,Casa
561,Estojo,PRD-2026-00561,Marca9 Estojo Verde,Roupas
562,Regua,PRD-2026-00562,Marca2 Regua Branca,Casa
563,Estojo,PRD-2026-00563,Marca2 Estojo Preta,Papelaria
564,Caneta,PRD-2026-00564,Marca9 Caneta Branca,Roupas
565,Grampeador,PRD-2026-00565,Marca3 Grampeador Branca,Roupas
566,Mochila,PRD-2026-00566,Marca8 Mochila Branca,Papelaria
567,Regua,PRD-2026-00567,Marca8 Regua Branca,Papelaria
568,Estojo,PRD-2026-00568,Marca1 Estojo Verde,Casa
569,Lapis,PRD-2026-00569,Marca7 Lapis Branca,Casa
570,Grampeador,PRD-2026-00570,Marca9 Grampeador Azul,Casa
571,Borracha,PRD-2026-00571,Marca7 Borracha Azul,Eletronicos
572,Caneta,PRD-2026-00572,Marca10 Caneta Vermelha,Papelaria
573,Caneta,PRD-2026-00573,Marca6 Caneta Verde,Papelaria
574,Estojo,PRD-2026-00574,Marca2 Estojo Azul,Casa
575,Caneta,PRD-2026-00575,Marca7 Caneta Preta,Roupas
576,Lapis,PRD-2026-00576,Marca6 Lapis Verde,Casa
577,Marcador,PRD-2026-00577,Marca7 Marcador Verde,Papelaria
578,Estojo,PRD-2026-00578,Marca6 Estojo Vermelha,Papelaria
579,Lapis,PRD-2026-00579,Marca7 Lapis Branca,Roupas
580,Regua,PRD-2026-00580,Marca1 Regua Azul,Eletronicos
581,Marcador,PRD-2026-00581,Marca7 Marcador Branca,Casa
582,Regua,PRD-2026-00582,Marca8 Regua Vermelha,Eletronicos
583,Lapis,PRD-2026-00583,Marca4 Lapis Preta,Papelaria
584,Caneta,PRD-2026-00584,Marca10 Caneta Verde,Papelaria
585,Regua,PRD-2026-00585,Marca2 Regua Vermelha,Papelaria
586,Grampeador,PRD-2026-00586,Marca8 Grampeador Azul,Papelaria
587,Regua,PRD-2026-00587,Marca7 Regua Azul,Casa
588,Regua,PRD-2026-00588,Marca4 Regua Branca,Papelaria
589,Lapis,PRD-2026-00589,Marca5 Lapis Branca,Roupas
590,Grampeador,PRD-2026-00590,Marca10 Grampeador Preta,Eletronicos
591,Regua,PRD-2026-00591,Marca3 Regua Preta,Roupas
592,Apontador,PRD-2026-00592,Marca5 Apontador Preta,Papelaria
593,Estojo,PRD-2026-00593,Marca3 Estojo Branca,Casa
594,Estojo,PRD-2026-00594,Marca1 Estojo Verde,Eletronicos
595,Apontador,PRD-2026-00595,Marca6 Apontador Branca,Casa
596,Apontador,PRD-2026-00596,Marca5 Apontador Vermelha,Casa
597,Lapis,PRD-2026-00597,Marca8 Lapis Branca,Roupas
598,Regua,PRD-2026-00598,Marca3 Regua Preta,Casa
599,Caneta,PRD-2026-00599,Marca7 Caneta Branca,Casa
600,Estojo,PRD-2026-00600,Marca3 Estojo Branca,Casa
601,Regua,PRD-2026-00601,Marca4 Regua Preta,Eletronicos
602,Caderno,PRD-2026-00602,Marca6 Caderno Verde,Papelaria
603,Estojo,PRD-2026-00603,Marca1 Estojo Vermelha,Eletronicos
604,Apontador,PRD-2026-00604,Marca10 Apontador Branca,Papelaria
605,Caderno,PRD-2026-00605,Marca10 Caderno Vermelha,Roupas
606,Marcador,PRD-2026-00606,Marca6 Marcador Vermelha,Eletronicos
607,Caneta,PRD-2026-00607,Marca4 Caneta Vermelha,Papelaria
608,Marcador,PRD-2026-00608,Marca10 Marcador Vermelha,Roupas
609,Apontador,PRD-2026-00609,Marca9 Apontador Vermelha,Eletronicos
610,Borracha,PRD-2026-00610,Marca8 Borracha Verde,Eletronicos
611,Borracha,PRD-2026-00611,Marca6 Borracha Preta,Casa
612,Marcador,PRD-2026-00612,Marca8 Marcador Azul,Eletronicos
613,Regua,PRD-2026-00613,Marca6 Regua Preta,Casa
614,Caneta,PRD-2026-00614,Marca4 Caneta Branca,Roupas
615,Caneta,PRD-2026-00615,Marca9 Caneta Preta,Casa
616,Borracha,PRD-2026-00616,Marca4 Borracha Vermelha,Eletronicos
617,Regua,PRD-2026-00617,Marca10 Regua Verde,Roupas
618,Marcador,PRD-2026-00618,Marca6 Marcador Branca,Eletronicos
619,Marcador,PRD-2026-00619,Marca8 Marcador Verde,Roupas
620,Mochila,PRD-2026-00620,Marca3 Mochila Vermelha,Casa
621,Lapis,PRD-2026-00621,Marca1 Lapis Branca,Papelaria
622,Caderno,PRD-2026-00622,Marca1 Caderno Azul,Casa
623,Lapis,PRD-2026-00623,Marca2 Lapis Vermelha,Roupas
624,Caneta,PRD-2026-00624,Marca9 Caneta Vermelha,Casa
625,Mochila,PRD-2026-00625,Marca10 Mochila Azul,Casa
626,Marcador,PRD-2026-00626,Marca1 Marcador Azul,Casa
627,Caneta,PRD-2026-00627,Marca9 Caneta Azul,Eletronicos
628,Estojo,PRD-2026-00628,Marca1 Estojo Preta,Casa
629,Lapis,PRD-2026-00629,Marca2 Lapis Azul,Roupas
630,Regua,PRD-2026-00630,Marca10 Regua Vermelha,Eletronicos
631,Mochila,PRD-2026-00631,Marca7 Mochila Preta,Papelaria
632,Mochila,PRD-2026-00632,Marca8 Mochila Verde,Roupas
633,Regua,PRD-2026-00633,Marca2 Regua Preta,Papelaria
634,Caderno,PRD-2026-00634,Marca7 Caderno Verde,Casa
635,Estojo,PRD-2026-00635,Marca1 Estojo Verde,Papelaria
636,Lapis,PRD-2026-00636,Marca8 Lapis Azul,Casa
637,Mochila,PRD-2026-00637,Marca2 Mochila Branca,Papelaria
638,Regua,PRD-2026-00638,Marca10 Regua Vermelha,Casa
639,Borracha,PRD-2026-00639,Marca2 Borracha Azul,Eletronicos
640,Estojo,PRD-2026-00640,Marca1 Estojo Branca,Roupas
641,Mochila,PRD-2026-00641,Marca4 Mochila Azul,Roupas
642,Apontador,PRD-2026-00642,Marca5 Apontador Azul,Roupas
643,Grampeador,PRD-2026-00643,Marca10 Grampeador Vermelha,Casa
644,Estojo,PRD-2026-00644,Marca7 Estojo Preta,Roupas
645,Caderno,PRD-2026-00645,Marca6 Caderno Branca,Papelaria
646,Caderno,PRD-2026-00646,Marca4 Caderno Verde,Papelaria
647,Mochila,PRD-2026-00647,Marca10 Mochila Branca,Casa
648,Mochila,PRD-2026-00648,Marca5 Mochila Azul,Casa
649,Marcador,PRD-2026-00649,Marca6 Marcador Vermelha,Casa
650,Apontador,PRD-2026-00650,Marca10 Apontador Vermelha,Casa
651,Caderno,PRD-2026-00651,Marca5 Caderno Branca,Roupas
652,Caderno,PRD-2026-00652,Marca5 Caderno Azul,Roupas
653,Apontador,PRD-2026-00653,Marca7 Apontador Vermelha,Eletronicos
654,Mochila,PRD-2026-00654,Marca2 Mochila Azul,Papelaria
655,Borracha,PRD-2026-00655,Marca6 Borracha Verde,Eletronicos
656,Caderno,PRD-2026-00656,Marca2 Caderno Vermelha,Roupas
657,Apontador,PRD-2026-00657,Marca9 Apontador Verde,Casa
658,Caderno,PRD-2026-00658,Marca2 Caderno Azul,Eletronicos
659,Estojo,PRD-2026-00659,Marca10 Estojo Azul,Eletronicos
660,Apontador,PRD-2026-00660,Marca5 Apontador Azul,Casa
661,Apontador,PRD-2026-00661,Marca9 Apontador Azul,Roupas
662,Grampeador,PRD-2026-00662,Marca3 Grampeador Branca,Casa
663,Lapis,PRD-2026-00663,Marca5 Lapis Vermelha,Eletronicos
664,Borracha,PRD-2026-00664,Marca3 Borracha Verde,Papelaria
665,Lapis,PRD-2026-00665,Marca5 Lapis Verde,Casa
666,Borracha,PRD-2026-00666,Marca2 Borracha Verde,Eletronicos
667,Borracha,PRD-2026-00667,Marca8 Borracha Vermelha,Roupas
668,Marcador,PRD-2026-00668,Marca3 Marcador Azul,Eletronicos
669,Caneta,PRD-2026-00669,Marca6 Caneta Verde,Casa
670,Mochila,PRD-2026-00670,Marca6 Mochila Verde,Casa
671,Grampeador,PRD-2026-00671,Marca5 Grampeador Vermelha,Eletronicos
672,Grampeador,PRD-2026-00672,Marca8 Grampeador Vermelha,Eletronicos
673,Lapis,PRD-2026-00673,Marca6 Lapis Verde,Eletronicos
674,Marcador,PRD-2026-00674,Marca4 Marcador Branca,Eletronicos
675,Apontador,PRD-2026-00675,Marca7 Apontador Preta,Eletronicos
676,Caderno,PRD-2026-00676,Marca4 Caderno Branca,Roupas
677,Estojo,PRD-2026-00677,Marca8 Estojo Azul,Roupas
678,Marcador,PRD-2026-00678,Marca2 Marcador Preta,Casa
679,Marcador,PRD-2026-00679,Marca5 Marcador Vermelha,Roupas
680,Borracha,PRD-2026-00680,Marca7 Borracha Vermelha,Casa
681,Caderno,PRD-2026-00681,Marca10 Caderno Verde,Casa
682,Grampeador,PRD-2026-00682,Marca9 Grampeador Verde,Casa
683,Estojo,PRD-2026-00683,Marca6 Estojo Azul,Papelaria
684,Caderno,PRD-2026-00684,Marca6 Caderno Vermelha,Roupas
685,Grampeador,PRD-2026-00685,Marca10 Grampeador Azul,Casa
686,Mochila,PRD-2026-00686,Marca2 Mochila Verde,Papelaria
687,Caderno,PRD-2026-00687,Marca4 Caderno Preta,Roupas
688,Marcador,PRD-2026-00688,Marca7 Marcador Preta,Casa
689,Grampeador,PRD-2026-00689,Marca3 Grampeador Branca,Eletronicos
690,Caneta,PRD-2026-00690,Marca2 Caneta Verde,Eletronicos
691,Apontador,PRD-2026-00691,Marca2 Apontador Azul,Roupas
692,Mochila,PRD-2026-00692,Marca6 Mochila Preta,Casa
693,Regua,PRD-2026-00693,Marca8 Regua Branca,Eletronicos
694,Marcador,PRD-2026-00694,Marca8 Marcador Azul,Casa
695,Mochila,PRD-2026-00695,Marca5 Mochila Azul,Papelaria
696,Caderno,PRD-2026-00696,Marca6 Caderno Azul,Papelaria
697,Lapis,PRD-2026-00697,Marca9 Lapis Vermelha,Roupas
698,Estojo,PRD-2026-00698,Marca6 Estojo Vermelha,Casa
699,Marcador,PRD-2026-00699,Marca7 Marcador Vermelha,Roupas
700,Lapis,PRD-2026-00700,Marca7 Lapis Verde,Papelaria
701,Grampeador,PRD-2026-00701,Marca8 Grampeador Vermelha,Casa
702,Apontador,PRD-2026-00702,Marca4 Apontador Azul,Roupas
703,Borracha,PRD-2026-00703,Marca10 Borracha Azul,Papelaria
704,Estojo,PRD-2026-00704,Marca6 Estojo Vermelha,Eletronicos
705,Regua,PRD-2026-00705,Marca2 Regua Verde,Eletronicos
706,Marcador,PRD-2026-00706,Marca6 Marcador Branca,Casa
707,Grampeador,PRD-2026-00707,Marca10 Grampeador Verde,Papelaria
708,Mochila,PRD-2026-00708,Marca8 Mochila Preta,Roupas
709,Borracha,PRD-2026-00709,Marca10 Borracha Branca,Papelaria
710,Lapis,PRD-2026-00710,Marca2 Lapis Preta,Roupas
711,Borracha,PRD-2026-00711,Marca3 Borracha Azul,Eletronicos
712,Lapis,PRD-2026-00712,Marca7 Lapis Branca,Casa
713,Grampeador,PRD-2026-00713,Marca10 Grampeador Vermelha,Casa
714,Apontador,PRD-2026-00714,Marca8 Apontador Vermelha,Roupas
715,Estojo,PRD-2026-00715,Marca8 Estojo Vermelha,Eletronicos
716,Lapis,PRD-2026-00716,Marca6 Lapis Vermelha,Casa
717,Grampeador,PRD-2026-00717,Marca6 Grampeador Azul,Papelaria
718,Marcador,PRD-2026-00718,Marca4 Marcador Vermelha,Casa
719,Estojo,PRD-2026-00719,Marca8 Estojo Branca,Casa
720,Marcador,PRD-2026-00720,Marca8 Marcador Verde,Casa
721,Lapis,PRD-2026-00721,Marca10 Lapis Azul,Papelaria
722,Regua,PRD-2026-00722,Marca1 Regua Preta,Eletronicos
723,Regua,PRD-2026-00723,Marca5 Regua Branca,Roupas
724,Marcador,PRD-2026-00724,Marca8 Marcador Branca,Papelaria
725,Grampeador,PRD-2026-00725,Marca5 Grampeador Azul,Eletronicos
726,Estojo,PRD-2026-00726,Marca8 Estojo Azul,Roupas
727,Apontador,PRD-2026-00727,Marca4 Apontador Azul,Eletronicos
728,Caneta,PRD-2026-00728,Marca5 Caneta Verde,Eletronicos
729,Caderno,PRD-2026-00729,Marca2 Caderno Verde,Roupas
730,Regua,PRD-2026-00730,Marca6 Regua Branca,Casa
731,Lapis,PRD-2026-00731,Marca3 Lapis Branca,Roupas
732,Regua,PRD-2026-00732,Marca10 Regua Azul,Eletronicos
733,Estojo,PRD-2026-00733,Marca10 Estojo Preta,Roupas
734,Mochila,PRD-2026-00734,Marca5 Mochila Preta,Eletronicos
735,Estojo,PRD-2026-00735,Marca3 Estojo Azul,Casa
736,Caneta,PRD-2026-00736,Marca3 Caneta Preta,Roupas
737,Regua,PRD-2026-00737,Marca6 Regua Vermelha,Roupas
738,Apontador,PRD-2026-00738,Marca3 Apontador Verde,Eletronicos
739,Apontador,PRD-2026-00739,Marca8 Apontador Verde,Papelaria
740,Caderno,PRD-2026-00740,Marca9 Caderno Verde,Eletronicos
741,Mochila,PRD-2026-00741,Marca8 Mochila Verde,Eletronicos
742,Grampeador,PRD-2026-00742,Marca2 Grampeador Azul,Casa
743,Mochila,PRD-2026-00743,Marca9 Mochila Azul,Casa
744,Regua,PRD-2026-00744,Marca4 Regua Verde,Casa
745,Borracha,PRD-2026-00745,Marca5 Borracha Preta,Eletronicos
746,Estojo,PRD-2026-00746,Marca3 Estojo Branca,Casa
747,Mochila,PRD-2026-00747,Marca1 Mochila Azul,Papelaria
748,Marcador,PRD-2026-00748,Marca2 Marcador Azul,Roupas
749,Marcador,PRD-2026-00749,Marca1 Marcador Verde,Casa
750,Regua,PRD-2026-00750,Marca5 Regua Vermelha,Roupas
751,Borracha,PRD-2026-00751,Marca6 Borracha Azul,Eletronicos
752,Caderno,PRD-2026-00752,Marca3 Caderno Preta,Papelaria
753,Apontador,PRD-2026-00753,Marca4 Apontador Preta,Casa
754,Caderno,PRD-2026-00754,Marca1 Caderno Azul,Roupas
755,Marcador,PRD-2026-00755,Marca3 Marcador Azul,Roupas
756,Estojo,PRD-2026-00756,Marca1 Estojo Verde,Papelaria
757,Mochila,PRD-2026-00757,Marca7 Mochila Azul,Roupas
758,Marcador,PRD-2026-00758,Marca4 Marcador Azul,Casa
759,Caderno,PRD-2026-00759,Marca2 Caderno Azul,Eletronicos
760,Mochila,PRD-2026-00760,Marca3 Mochila Preta,Casa
761,Lapis,PRD-2026-00761,Marca2 Lapis Vermelha,Papelaria
762,Grampeador,PRD-2026-00762,Marca8 Grampeador Vermelha,Eletronicos
763,Regua,PRD-2026-00763,Marca7 Regua Vermelha,Casa
764,Regua,PRD-2026-00764,Marca2 Regua Azul,Roupas
765,Caderno,PRD-2026-00765,Marca7 Caderno Branca,Eletronicos
766,Apontador,PRD-2026-00766,Marca3 Apontador Preta,Roupas
767,Borracha,PRD-2026-00767,Marca4 Borracha Azul,Eletronicos
768,Caneta,PRD-2026-00768,Marca4 Caneta Preta,Roupas
769,Apontador,PRD-2026-00769,Marca1 Apontador Preta,Roupas
770,Marcador,PRD-2026-00770,Marca2 Marcador Verde,Roupas
771,Marcador,PRD-2026-00771,Marca2 Marcador Branca,Papelaria
772,Mochila,PRD-2026-00772,Marca3 Mochila Preta,Casa
773,Grampeador,PRD-2026-00773,Marca6 Grampeador Verde,Roupas
774,Marcador,PRD-2026-00774,Marca1 Marcador Azul,Papelaria
775,Caneta,PRD-2026-00775,Marca4 Caneta Preta,Papelaria
776,Caneta,PRD-2026-00776,Marca9 Caneta Verde,Eletronicos
777,Estojo,PRD-2026-00777,Marca7 Estojo Verde,Casa
778,Caderno,PRD-2026-00778,Marca9 Caderno Branca,Roupas
779,Borracha,PRD-2026-00779,Marca5 Borracha Azul,Papelaria
780,Estojo,PRD-2026-00780,Marca3 Estojo Vermelha,Eletronicos
781,Apontador,PRD-2026-00781,Marca2 Apontador Branca,Eletronicos
782,Apontador,PRD-2026-00782,Marca1 Apontador Vermelha,Roupas
783,Caderno,PRD-2026-00783,Marca2 Caderno Verde,Casa
784,Grampeador,PRD-2026-00784,Marca1 Grampeador Branca,Eletronicos
785,Lapis,PRD-2026-00785,Marca1 Lapis Azul,Roupas
786,Caneta,PRD-2026-00786,Marca8 Caneta Vermelha,Eletronicos
787,Estojo,PRD-2026-00787,Marca5 Estojo Branca,Roupas
788,Mochila,PRD-2026-00788,Marca5 Mochila Vermelha,Papelaria
789,Caneta,PRD-2026-00789,Marca7 Caneta Preta,Eletronicos
790,Estojo,PRD-2026-00790,Marca5 Estojo Azul,Papelaria
791,Marcador,PRD-2026-00791,Marca9 Marcador Verde,Eletronicos
792,Caneta,PRD-2026-00792,Marca10 Caneta Verde,Roupas
793,Mochila,PRD-2026-00793,Marca5 Mochila Vermelha,Papelaria
794,Grampeador,PRD-2026-00794,Marca4 Grampeador Azul,Papelaria
795,Caneta,PRD-2026-00795,Marca4 Caneta Azul,Papelaria
796,Marcador,PRD-2026-00796,Marca7 Marcador Preta,Roupas
797,Lapis,PRD-2026-00797,Marca9 Lapis Azul,Casa
798,Regua,PRD-2026-00798,Marca4 Regua Preta,Casa
799,Mochila,PRD-2026-00799,Marca2 Mochila Preta,Eletronicos
800,Caderno,PRD-2026-00800,Marca1 Caderno Branca,Roupas
801,Regua,PRD-2026-00801,Marca1 Regua Branca,Casa
802,Caderno,PRD-2026-00802,Marca5 Caderno Verde,Eletronicos
803,Mochila,PRD-2026-00803,Marca9 Mochila Azul,Casa
804,Caneta,PRD-2026-00804,Marca4 Caneta Preta,Eletronicos
805,Grampeador,PRD-2026-00805,Marca10 Grampeador Preta,Roupas
806,Marcador,PRD-2026-00806,Marca10 Marcador Preta,Casa
807,Regua,PRD-2026-00807,Marca4 Regua Branca,Roupas
808,Caneta,PRD-2026-00808,Marca1 Caneta Verde,Roupas
809,Estojo,PRD-2026-00809,Marca1 Estojo Preta,Eletronicos
810,Caneta,PRD-2026-00810,Marca5 Caneta Verde,Papelaria
811,Regua,PRD-2026-00811,Marca4 Regua Branca,Casa
812,Marcador,PRD-2026-00812,Marca3 Marcador Azul,Eletronicos
813,Caderno,PRD-2026-00813,Marca4 Caderno Azul,Casa
814,Mochila,PRD-2026-00814,Marca2 Mochila Verde,Papelaria
815,Estojo,PRD-2026-00815,Marca7 Estojo Vermelha,Papelaria
816,Grampeador,PRD-2026-00816,Marca1 Grampeador Branca,Casa
817,Lapis,PRD-2026-00817,Marca5 Lapis Vermelha,Eletronicos
818,Mochila,PRD-2026-00818,Marca6 Mochila Verde,Eletronicos
819,Marcador,PRD-2026-00819,Marca4 Marcador Preta,Papelaria
820,Regua,PRD-2026-00820,Marca10 Regua Vermelha,Papelaria
821,Lapis,PRD-2026-00821,Marca3 Lapis Azul,Casa
822,Marcador,PRD-2026-00822,Marca7 Marcador Preta,Papelaria
823,Estojo,PRD-2026-00823,Marca4 Estojo Preta,Casa
824,Borracha,PRD-2026-00824,Marca5 Borracha Verde,Papelaria
825,Caderno,PRD-2026-00825,Marca5 Caderno Vermelha,Papelaria
826,Regua,PRD-2026-00826,Marca3 Regua Preta,Papelaria
827,Regua,PRD-2026-00827,Marca7 Regua Preta,Papelaria
828,Borracha,PRD-2026-00828,Marca3 Borracha Preta,Papelaria
829,Apontador,PRD-2026-00829,Marca9 Apontador Verde,Roupas
830,Caderno,PRD-2026-00830,Marca2 Caderno Verde,Roupas
831,Caderno,PRD-2026-00831,Marca1 Caderno Azul,Roupas
832,Lapis,PRD-2026-00832,Marca7 Lapis Vermelha,Eletronicos
833,Caderno,PRD-2026-00833,Marca10 Caderno Branca,Eletronicos
834,Caderno,PRD-2026-00834,Marca2 Caderno Azul,Roupas
835,Marcador,PRD-2026-00835,Marca2 Marcador Vermelha,Eletronicos
836,Caderno,PRD-2026-00836,Marca8 Caderno Azul,Papelaria
837,Lapis,PRD-2026-00837,Marca7 Lapis Branca,Casa
838,Marcador,PRD-2026-00838,Marca7 Marcador Azul,Casa
839,Lapis,PRD-2026-00839,Marca4 Lapis Preta,Roupas
840,Borracha,PRD-2026-00840,Marca8 Borracha Preta,Roupas
841,Caneta,PRD-2026-00841,Marca10 Caneta Branca,Roupas
842,Borracha,PRD-2026-00842,Marca7 Borracha Verde,Casa
843,Caneta,PRD-2026-00843,Marca5 Caneta Azul,Casa
844,Lapis,PRD-2026-00844,Marca4 Lapis Verde,Roupas
845,Estojo,PRD-2026-00845,Marca7 Estojo Azul,Eletronicos
846,Marcador,PRD-2026-00846,Marca8 Marcador Branca,Eletronicos
847,Grampeador,PRD-2026-00847,Marca6 Grampeador Branca,Casa
848,Borracha,PRD-2026-00848,Marca1 Borracha Vermelha,Eletronicos
849,Grampeador,PRD-2026-00849,Marca1 Grampeador Vermelha,Eletronicos
850,Caneta,PRD-2026-00850,Marca9 Caneta Verde,Eletronicos
851,Grampeador,PRD-2026-00851,Marca3 Grampeador Vermelha,Papelaria
852,Regua,PRD-2026-00852,Marca5 Regua Vermelha,Papelaria
853,Regua,PRD-2026-00853,Marca7 Regua Branca,Eletronicos
854,Lapis,PRD-2026-00854,Marca4 Lapis Vermelha,Eletronicos
855,Mochila,PRD-2026-00855,Marca1 Mochila Branca,Eletronicos
856,Grampeador,PRD-2026-00856,Marca3 Grampeador Branca,Roupas
857,Marcador,PRD-2026-00857,Marca5 Marcador Branca,Roupas
858,Marcador,PRD-2026-00858,Marca2 Marcador Azul,Papelaria
859,Regua,PRD-2026-00859,Marca4 Regua Branca,Papelaria
860,Estojo,PRD-2026-00860,Marca1 Estojo Verde,Eletronicos
861,Grampeador,PRD-2026-00861,Marca3 Grampeador Vermelha,Eletronicos
862,Lapis,PRD-2026-00862,Marca1 Lapis Preta,Papelaria
863,Lapis,PRD-2026-00863,Marca3 Lapis Branca,Papelaria
864,Estojo,PRD-2026-00864,Marca2 Estojo Preta,Eletronicos
865,Apontador,PRD-2026-00865,Marca2 Apontador Branca,Eletronicos
866,Borracha,PRD-2026-00866,Marca3 Borracha Preta,Roupas
867,Apontador,PRD-2026-00867,Marca6 Apontador Verde,Roupas
868,Estojo,PRD-2026-00868,Marca6 Estojo Branca,Roupas
869,Grampeador,PRD-2026-00869,Marca7 Grampeador Vermelha,Eletronicos
870,Borracha,PRD-2026-00870,Marca3 Borracha Vermelha,Papelaria
871,Grampeador,PRD-2026-00871,Marca10 Grampeador Verde,Papelaria
872,Lapis,PRD-2026-00872,Marca6 Lapis Branca,Roupas
873,Grampeador,PRD-2026-00873,Marca8 Grampeador Azul,Roupas
874,Mochila,PRD-2026-00874,Marca4 Mochila Azul,Eletronicos
875,Mochila,PRD-2026-00875,Marca2 Mochila Vermelha,Eletronicos
876,Marcador,PRD-2026-00876,Marca5 Marcador Azul,Roupas
877,Regua,PRD-2026-00877,Marca6 Regua Azul,Eletronicos
878,Caderno,PRD-2026-00878,Marca1 Caderno Azul,Casa
879,Marcador,PRD-2026-00879,Marca3 Marcador Verde,Casa
880,Marcador,PRD-2026-00880,Marca6 Marcador Verde,Casa
881,Caderno,PRD-2026-00881,Marca10 Caderno Verde,Roupas
882,Lapis,PRD-2026-00882,Marca2 Lapis Verde,Papelaria
883,Borracha,PRD-2026-00883,Marca6 Borracha Azul,Eletronicos
884,Caderno,PRD-2026-00884,Marca6 Caderno Azul,Roupas
885,Apontador,PRD-2026-00885,Marca2 Apontador Vermelha,Papelaria
886,Mochila,PRD-2026-00886,Marca10 Mochila Branca,Casa
887,Caneta,PRD-2026-00887,Marca3 Caneta Verde,Casa
888,Lapis,PRD-2026-00888,Marca2 Lapis Azul,Eletronicos
889,Regua,PRD-2026-00889,Marca7 Regua Vermelha,Eletronicos
890,Borracha,PRD-2026-00890,Marca4 Borracha Preta,Papelaria
891,Caneta,PRD-2026-00891,Marca10 Caneta Verde,Casa
892,Lapis,PRD-2026-00892,Marca6 Lapis Azul,Papelaria
893,Apontador,PRD-2026-00893,Marca5 Apontador Azul,Casa
894,Regua,PRD-2026-00894,Marca1 Regua Azul,Roupas
895,Lapis,PRD-2026-00895,Marca2 Lapis Preta,Casa
896,Caderno,PRD-2026-00896,Marca7 Caderno Preta,Casa
897,Marcador,PRD-2026-00897,Marca2 Marcador Preta,Casa
898,Lapis,PRD-2026-00898,Marca7 Lapis Preta,Eletronicos
899,Lapis,PRD-2026-00899,Marca1 Lapis Verde,Eletronicos
900,Marcador,PRD-2026-00900,Marca5 Marcador Verde,Roupas
901,Borracha,PRD-2026-00901,Marca1 Borracha Branca,Roupas
902,Caderno,PRD-2026-00902,Marca6 Caderno Azul,Casa
903,Grampeador,PRD-2026-00903,Marca9 Grampeador Vermelha,Papelaria
904,Apontador,PRD-2026-00904,Marca7 Apontador Branca,Casa
905,Grampeador,PRD-2026-00905,Marca8 Grampeador Vermelha,Eletronicos
906,Caderno,PRD-2026-00906,Marca1 Caderno Verde,Roupas
907,Caderno,PRD-2026-00907,Marca3 Caderno Verde,Roupas
908,Regua,PRD-2026-00908,Marca3 Regua Vermelha,Papelaria
909,Apontador,PRD-2026-00909,Marca7 Apontador Azul,Roupas
910,Lapis,PRD-2026-00910,Marca5 Lapis Branca,Eletronicos
911,Caderno,PRD-2026-00911,Marca7 Caderno Azul,Casa
912,Estojo,PRD-2026-00912,Marca5 Estojo Preta,Casa
913,Caneta,PRD-2026-00913,Marca10 Caneta Branca,Casa
914,Caderno,PRD-2026-00914,Marca3 Caderno Verde,Roupas
915,Grampeador,PRD-2026-00915,Marca10 Grampeador Branca,Papelaria
916,Caderno,PRD-2026-00916,Marca2 Caderno Branca,Eletronicos
917,Estojo,PRD-2026-00917,Marca7 Estojo Preta,Eletronicos
918,Apontador,PRD-2026-00918,Marca10 Apontador Verde,Casa
919,Caneta,PRD-2026-00919,Marca5 Caneta Vermelha,Casa
920,Lapis,PRD-2026-00920,Marca10 Lapis Branca,Casa
921,Caneta,PRD-2026-00921,Marca6 Caneta Verde,Roupas
922,Caneta,PRD-2026-00922,Marca5 Caneta Verde,Eletronicos
923,Caneta,PRD-2026-00923,Marca5 Caneta Preta,Eletronicos
924,Borracha,PRD-2026-00924,Marca2 Borracha Verde,Roupas
925,Lapis,PRD-2026-00925,Marca8 Lapis Preta,Eletronicos
926,Borracha,PRD-2026-00926,Marca10 Borracha Verde,Papelaria
927,Regua,PRD-2026-00927,Marca4 Regua Verde,Casa
928,Marcador,PRD-2026-00928,Marca6 Marcador Branca,Papelaria
929,Estojo,PRD-2026-00929,Marca2 Estojo Vermelha,Eletronicos
930,Estojo,PRD-2026-00930,Marca3 Estojo Verde,Papelaria
931,Lapis,PRD-2026-00931,Marca4 Lapis Vermelha,Papelaria
932,Regua,PRD-2026-00932,Marca8 Regua Azul,Papelaria
933,Mochila,PRD-2026-00933,Marca5 Mochila Vermelha,Eletronicos
934,Marcador,PRD-2026-00934,Marca7 Marcador Branca,Papelaria
935,Caneta,PRD-2026-00935,Marca6 Caneta Vermelha,Casa
936,Grampeador,PRD-2026-00936,Marca3 Grampeador Verde,Casa
937,Grampeador,PRD-2026-00937,Marca6 Grampeador Branca,Eletronicos
938,Lapis,PRD-2026-00938,Marca2 Lapis Preta,Eletronicos
939,Caneta,PRD-2026-00939,Marca1 Caneta Verde,Roupas
940,Grampeador,PRD-2026-00940,Marca4 Grampeador Vermelha,Roupas
941,Regua,PRD-2026-00941,Marca7 Regua Preta,Papelaria
942,Caneta,PRD-2026-00942,Marca3 Caneta Verde,Roupas
943,Grampeador,PRD-2026-00943,Marca4 Grampeador Azul,Eletronicos
944,Grampeador,PRD-2026-00944,Marca5 Grampeador Preta,Casa
945,Apontador,PRD-2026-00945,Marca8 Apontador Preta,Eletronicos
946,Regua,PRD-2026-00946,Marca5 Regua Verde,Casa
947,Grampeador,PRD-2026-00947,Marca1 Grampeador Azul,Eletronicos
948,Estojo,PRD-2026-00948,Marca10 Estojo Branca,Eletronicos
949,Borracha,PRD-2026-00949,Marca8 Borracha Azul,Papelaria
950,Mochila,PRD-2026-00950,Marca6 Mochila Preta,Eletronicos
951,Borracha,PRD-2026-00951,Marca4 Borracha Preta,Roupas
952,Estojo,PRD-2026-00952,Marca1 Estojo Vermelha,Casa
953,Mochila,PRD-2026-00953,Marca1 Mochila Vermelha,Casa
954,Borracha,PRD-2026-00954,Marca7 Borracha Preta,Casa
955,Apontador,PRD-2026-00955,Marca10 Apontador Azul,Roupas
956,Mochila,PRD-2026-00956,Marca9 Mochila Vermelha,Casa
957,Mochila,PRD-2026-00957,Marca5 Mochila Branca,Roupas
958,Estojo,PRD-2026-00958,Marca5 Estojo Vermelha,Papelaria
959,Marcador,PRD-2026-00959,Marca5 Marcador Vermelha,Roupas
960,Mochila,PRD-2026-00960,Marca4 Mochila Azul,Eletronicos
961,Regua,PRD-2026-00961,Marca7 Regua Preta,Eletronicos
962,Mochila,PRD-2026-00962,Marca10 Mochila Preta,Eletronicos
963,Marcador,PRD-2026-00963,Marca8 Marcador Azul,Papelaria
964,Grampeador,PRD-2026-00964,Marca10 Grampeador Branca,Papelaria
965,Marcador,PRD-2026-00965,Marca9 Marcador Vermelha,Papelaria
966,Apontador,PRD-2026-00966,Marca5 Apontador Branca,Casa
967,Caneta,PRD-2026-00967,Marca3 Caneta Vermelha,Roupas
968,Mochila,PRD-2026-00968,Marca10 Mochila Verde,Casa
969,Lapis,PRD-2026-00969,Marca3 Lapis Preta,Papelaria
970,Marcador,PRD-2026-00970,Marca3 Marcador Preta,Eletronicos
971,Caneta,PRD-2026-00971,Marca8 Caneta Azul,Eletronicos
972,Regua,PRD-2026-00972,Marca10 Regua Vermelha,Roupas
973,Marcador,PRD-2026-00973,Marca3 Marcador Azul,Casa
974,Apontador,PRD-2026-00974,Marca7 Apontador Verde,Casa
975,Apontador,PRD-2026-00975,Marca1 Apontador Azul,Roupas
976,Mochila,PRD-2026-00976,Marca6 Mochila Azul,Roupas
977,Caneta,PRD-2026-00977,Marca4 Caneta Azul,Roupas
978,Mochila,PRD-2026-00978,Marca3 Mochila Preta,Papelaria
979,Apontador,PRD-2026-00979,Marca10 Apontador Branca,Eletronicos
980,Lapis,PRD-2026-00980,Marca1 Lapis Azul,Eletronicos
981,Borracha,PRD-2026-00981,Marca9 Borracha Verde,Eletronicos
982,Apontador,PRD-2026-00982,Marca6 Apontador Vermelha,Casa
983,Mochila,PRD-2026-00983,Marca3 Mochila Vermelha,Casa
984,Caneta,PRD-2026-00984,Marca4 Caneta Vermelha,Roupas
985,Regua,PRD-2026-00985,Marca10 Regua Azul,Roupas
986,Caderno,PRD-2026-00986,Marca1 Caderno Preta,Casa
987,Borracha,PRD-2026-00987,Marca10 Borracha Branca,Papelaria
988,Grampeador,PRD-2026-00988,Marca2 Grampeador Azul,Papelaria
989,Caneta,PRD-2026-00989,Marca7 Caneta Azul,Casa
990,Apontador,PRD-2026-00990,Marca9 Apontador Azul,Eletronicos
991,Marcador,PRD-2026-00991,Marca4 Marcador Vermelha,Papelaria
992,Borracha,PRD-2026-00992,Marca2 Borracha Verde,Eletronicos
993,Grampeador,PRD-2026-00993,Marca3 Grampeador Branca,Casa
994,Caderno,PRD-2026-00994,Marca10 Caderno Branca,Papelaria
995,Borracha,PRD-2026-00995,Marca2 Borracha Azul,Casa
996,Regua,PRD-2026-00996,Marca4 Regua Branca,Eletronicos
997,Estojo,PRD-2026-00997,Marca6 Estojo Vermelha,Casa
998,Borracha,PRD-2026-00998,Marca1 Borracha Vermelha,Casa
999,Regua,PRD-2026-00999,Marca6 Regua Verde,Roupas
1000,Caneta,PRD-2026-01000,Marca2 Caneta Azul,Papelaria
